t,y,v
0.000000000000000000e+00,1.000000000000000000e+00,0.000000000000000000e+00
1.018349642202853359e-04,9.999999491333845247e-01,-9.990009990009992170e-04
1.120184606423138681e-03,9.999938451395251615e-01,-1.098901098901099160e-02
1.112018460642313911e-02,9.993934550296350583e-01,-1.090890109890109982e-01
2.112018460642314105e-02,9.978120649197449454e-01,-2.071890109890110188e-01
3.112018460642314299e-02,9.952496748098548229e-01,-3.052890109890110670e-01
4.112018460642314494e-02,9.917062846999646908e-01,-4.033890109890110875e-01
5.112018460642314688e-02,9.871818945900745490e-01,-5.014890109890111081e-01
6.112018460642314882e-02,9.816765044801843976e-01,-5.995890109890111841e-01
7.112018460642315076e-02,9.751901143702942365e-01,-6.976890109890112601e-01
8.112018460642314577e-02,9.677227242604041768e-01,-7.957890109890112251e-01
9.112018460642314077e-02,9.592743341505141075e-01,-8.938890109890111901e-01
1.011201846064231358e-01,9.498449440406240285e-01,-9.919890109890111551e-01
1.111201846064231308e-01,9.394345539307339399e-01,-1.090089010989011120e+00
1.211201846064231258e-01,9.280431638208438416e-01,-1.188189010989010974e+00
1.311201846064231347e-01,9.156707737109537337e-01,-1.286289010989011050e+00
1.411201846064231435e-01,9.023173836010636162e-01,-1.384389010989011126e+00
1.511201846064231524e-01,8.879829934911734890e-01,-1.482489010989011202e+00
1.611201846064231613e-01,8.726676033812833522e-01,-1.580589010989011278e+00
1.711201846064231702e-01,8.563712132713932057e-01,-1.678689010989011354e+00
1.811201846064231791e-01,8.390938231615030496e-01,-1.776789010989011430e+00
1.911201846064231880e-01,8.208354330516128838e-01,-1.874889010989011506e+00
2.011201846064231968e-01,8.015960429417227084e-01,-1.972989010989011582e+00
2.111201846064232057e-01,7.813756528318325234e-01,-2.071089010989011658e+00
2.211201846064232146e-01,7.601742627219423287e-01,-2.169189010989011734e+00
2.311201846064232235e-01,7.379918726120522354e-01,-2.267289010989011810e+00
2.411201846064232324e-01,7.148284825021621325e-01,-2.365389010989011886e+00
2.511201846064232135e-01,6.906840923922720199e-01,-2.463489010989011518e+00
2.611201846064232224e-01,6.655587022823818977e-01,-2.561589010989011594e+00
2.711201846064232313e-01,6.394523121724917658e-01,-2.659689010989011670e+00
2.811201846064232401e-01,6.123649220626016243e-01,-2.757789010989011746e+00
2.911201846064232490e-01,5.842965319527114731e-01,-2.855889010989011823e+00
3.011201846064232579e-01,5.552471418428213124e-01,-2.953989010989011899e+00
3.111201846064232668e-01,5.252167517329311419e-01,-3.052089010989011975e+00
3.211201846064232757e-01,4.942053616230410173e-01,-3.150189010989012051e+00
3.311201846064232845e-01,4.622129715131508831e-01,-3.248289010989012127e+00
3.411201846064232934e-01,4.292395814032607393e-01,-3.346389010989012203e+00
3.511201846064233023e-01,3.952851912933705858e-01,-3.444489010989012279e+00
3.611201846064233112e-01,3.603498011834804227e-01,-3.542589010989012355e+00
3.711201846064233201e-01,3.244334110735902499e-01,-3.640689010989012431e+00
3.811201846064233290e-01,2.875360209637000675e-01,-3.738789010989012507e+00
3.911201846064233378e-01,2.496576308538099032e-01,-3.836889010989012583e+00
4.011201846064233467e-01,2.107982407439197292e-01,-3.934989010989012659e+00
4.111201846064233556e-01,1.709578506340295456e-01,-4.033089010989012735e+00
4.211201846064233645e-01,1.301364605241393801e-01,-4.131189010989013255e+00
4.311201846064233734e-01,8.833407041424920503e-02,-4.229289010989013775e+00
4.411201846064233822e-01,4.555068030435902721e-02,-4.327389010989014295e+00
4.511201846064233911e-01,1.786290194468853620e-03,-4.425489010989014815e+00
4.514068878648175298e-01,5.170848901210254017e-04,-4.428301569953861261e+00
4.514560610283380737e-01,2.993194326133508890e-04,-4.428783958687997568e+00
4.515052341918586176e-01,8.153025452557218205e-05,-4.429266347422133876e+00
4.515167020678768628e-01,3.073533213430478976e-05,-4.429378847285873277e+00
4.515281699438951080e-01,-2.005923090196661993e-05,-4.428790969468527905e+00
4.515391452407048756e-01,-6.865911440006761970e-05,-4.427440304039498287e+00
4.516488982088025517e-01,-5.538414513517651112e-04,-4.413896502234353925e+00
4.520845685281980608e-01,-2.464849523375266596e-03,-4.358150218568315637e+00
4.529287961859986278e-01,-6.093320367224308413e-03,-4.233339531011900192e+00
4.542161779411423295e-01,-1.138947974447180982e-02,-3.980167570965267743e+00
4.557629802424600363e-01,-1.723345007968947462e-02,-3.552282035275397210e+00
4.573634187437415344e-01,-2.246441979750092577e-02,-2.959850916864307457e+00
4.589450895619574533e-01,-2.659227823369199328e-02,-2.239858995595803481e+00
4.604693224556409281e-01,-2.941489680765129594e-02,-1.451783203639235964e+00
4.619008941662390844e-01,-3.093375847721300739e-02,-6.663403969019053852e-01
4.630257890214631300e-01,-3.133339250887227923e-02,-4.569634250346199522e-02
4.641506838766871756e-01,-3.104374055381379713e-02,5.558536522778414479e-01
4.652504382409075601e-01,-3.012515818722604974e-02,1.107212713321917619e+00
4.665380015824043269e-01,-2.831833594982459748e-02,1.685678691648619054e+00
4.679680983010100492e-01,-2.551010772043572211e-02,2.221315690204931137e+00
4.695133799996666357e-01,-2.172187484694705281e-02,2.655767186705579874e+00
4.711388541141176556e-01,-1.714687739021689486e-02,2.945055565176912360e+00
4.728112117868738529e-01,-1.209138817689240676e-02,3.074241278439373559e+00
4.745174609086021400e-01,-6.840870750853672404e-03,3.058591676880437316e+00
4.762584393258780802e-01,-1.612151884946387038e-03,2.934509273068046653e+00
4.767891359471677637e-01,-6.799397987360881850e-05,2.884408118345781702e+00
4.768041638747415045e-01,-2.465817635669907394e-05,2.882961107159605518e+00
4.768191918023152454e-01,1.865772547221219210e-05,2.882111454211531587e+00
4.768328181656474318e-01,5.792951256165541890e-05,2.881977779587242772e+00
4.769690817989692966e-01,4.505472010111507934e-04,2.880641033344355062e+00
4.783317181321879441e-01,4.366705841012417932e-03,2.867273570915480185e+00
4.883317181321879530e-01,3.254894155016724300e-02,2.769173570915480109e+00
4.983317181321879619e-01,5.975017725932206536e-02,2.671073570915480033e+00
5.083317181321879152e-01,8.597041296847673930e-02,2.572973570915480401e+00
5.183317181321879241e-01,1.112096486776315701e-01,2.474873570915480325e+00
5.283317181321879330e-01,1.354678843867863913e-01,2.376773570915480249e+00
5.383317181321879419e-01,1.587451200959412168e-01,2.278673570915480173e+00
5.483317181321879508e-01,1.810413558050960325e-01,2.180573570915480097e+00
5.583317181321879596e-01,2.023565915142508387e-01,2.082473570915480021e+00
5.683317181321879685e-01,2.226908272234056629e-01,1.984373570915479945e+00
5.783317181321879774e-01,2.420440629325604776e-01,1.886273570915479869e+00
5.883317181321879863e-01,2.604162986417152825e-01,1.788173570915479793e+00
5.983317181321879952e-01,2.778075343508700779e-01,1.690073570915479717e+00
6.083317181321880041e-01,2.942177700600248635e-01,1.591973570915479641e+00
6.183317181321880129e-01,3.096470057691796951e-01,1.493873570915479565e+00
6.283317181321880218e-01,3.240952414783345170e-01,1.395773570915479489e+00
6.383317181321880307e-01,3.375624771874893293e-01,1.297673570915479413e+00
6.483317181321880396e-01,3.500487128966441319e-01,1.199573570915479337e+00
6.583317181321880485e-01,3.615539486057989249e-01,1.101473570915479261e+00
6.683317181321880573e-01,3.720781843149537083e-01,1.003373570915479185e+00
6.783317181321880662e-01,3.816214200241084820e-01,9.052735709154791088e-01
6.883317181321880751e-01,3.901836557332633015e-01,8.071735709154790328e-01
6.983317181321880840e-01,3.977648914424181115e-01,7.090735709154789568e-01
7.083317181321880929e-01,4.043651271515729118e-01,6.109735709154788807e-01
7.183317181321881018e-01,4.099843628607277024e-01,5.128735709154788047e-01
7.283317181321881106e-01,4.146225985698824834e-01,4.147735709154787287e-01
7.383317181321881195e-01,4.182798342790372548e-01,3.166735709154786527e-01
7.483317181321881284e-01,4.209560699881920165e-01,2.185735709154785766e-01
7.583317181321881373e-01,4.226513056973468241e-01,1.204735709154784867e-01
7.683317181321881462e-01,4.233655414065016220e-01,2.237357091547839683e-02
7.783317181321881550e-01,4.230987771156564103e-01,-7.572642908452169308e-02
7.883317181321881639e-01,4.218510128248111890e-01,-1.738264290845217830e-01
7.983317181321881728e-01,4.196222485339659580e-01,-2.719264290845218590e-01
8.083317181321881817e-01,4.164124842431207174e-01,-3.700264290845219350e-01
8.183317181321881906e-01,4.122217199522754671e-01,-4.681264290845220111e-01
8.283317181321881995e-01,4.070499556614302628e-01,-5.662264290845221426e-01
8.383317181321882083e-01,4.008971913705850487e-01,-6.643264290845222186e-01
8.483317181321882172e-01,3.937634270797398250e-01,-7.624264290845222947e-01
8.583317181321882261e-01,3.856486627888945917e-01,-8.605264290845223707e-01
8.683317181321882350e-01,3.765528984980493488e-01,-9.586264290845224467e-01
8.783317181321882439e-01,3.664761342072040962e-01,-1.056726429084522634e+00
8.883317181321882527e-01,3.554183699163588339e-01,-1.154826429084522710e+00
8.983317181321882616e-01,3.433796056255136175e-01,-1.252926429084522786e+00
9.083317181321882705e-01,3.303598413346683915e-01,-1.351026429084522862e+00
9.183317181321882794e-01,3.163590770438231559e-01,-1.449126429084522938e+00
9.283317181321882883e-01,3.013773127529779106e-01,-1.547226429084523014e+00
9.383317181321882972e-01,2.854145484621326556e-01,-1.645326429084523090e+00
9.483317181321883060e-01,2.684707841712873910e-01,-1.743426429084523166e+00
9.583317181321883149e-01,2.505460198804421168e-01,-1.841526429084523242e+00
9.683317181321883238e-01,2.316402555895968607e-01,-1.939626429084523318e+00
9.783317181321883327e-01,2.117534912987516227e-01,-2.037726429084523616e+00
9.883317181321883416e-01,1.908857270079063750e-01,-2.135826429084523692e+00
9.983317181321883504e-01,1.690369627170611178e-01,-2.233926429084523768e+00
1.008331718132188248e+00,1.462071984262161284e-01,-2.332026429084522956e+00
1.018331718132188257e+00,1.223964341353708796e-01,-2.430126429084523032e+00
1.028331718132188266e+00,9.760466984452562111e-02,-2.528226429084523108e+00
1.038331718132188275e+00,7.183190555368036689e-02,-2.626326429084523184e+00
1.048331718132188284e+00,4.507814126283511691e-02,-2.724426429084523260e+00
1.058331718132188293e+00,1.734337697198986075e-02,-2.822526429084523336e+00
1.060898233966013349e+00,1.006700894806326560e-02,-2.847703949414347235e+00
1.063464749799838405e+00,2.726022419553725783e-03,-2.872881469744171135e+00
1.064070453217610623e+00,9.841087646035803511e-04,-2.878823420272516476e+00
1.064315714830556203e+00,2.777488374276934581e-04,-2.881229436695512458e+00
1.064388709061165672e+00,6.740957687322154598e-05,-2.881945510097791541e+00
1.064401918634839239e+00,2.933944944701508497e-05,-2.882075096015529247e+00
1.064415128208512806e+00,-8.730965723101163890e-06,-2.881679761361191527e+00
1.064427420014418368e+00,-4.414622425663598028e-05,-2.880737709560524884e+00
1.064550338073473990e+00,-3.976611515214609595e-04,-2.871294377205838355e+00
1.065039581364036980e+00,-1.793012980640825565e-03,-2.832364412516749308e+00
1.065987785662131815e+00,-4.438886490519248010e-03,-2.745368908365024119e+00
1.067420306067757174e+00,-8.253950657289992748e-03,-2.571368129530550828e+00
1.069124353409895312e+00,-1.240301765862410893e-02,-2.282774218319221227e+00
1.070876121713768114e+00,-1.607159097731202663e-02,-1.889892625858102360e+00
1.072600228824447388e+00,-1.893464479568923373e-02,-1.419018080322703268e+00
1.074256516556141072e+00,-2.086895640226667237e-02,-9.096074624649098661e-01
1.075810027838572491e+00,-2.189250018163570871e-02,-4.062040629683624227e-01
1.077027177072394259e+00,-2.214609489498164593e-02,-1.175575282672375321e-02
1.078244326306216028e+00,-2.192671310196125586e-02,3.689288880366772272e-01
1.079457452051678645e+00,-2.126129325025618091e-02,7.229860988379014364e-01
1.080875548023974675e+00,-1.996827806375587114e-02,1.091400760261519665e+00
1.082450753496466467e+00,-1.797238128985851127e-02,1.429234047803592311e+00
1.084153184619574661e+00,-1.529510133453078000e-02,1.698992273665986152e+00
1.085943801597802905e+00,-1.208053433286105857e-02,1.873050685547847261e+00
1.087787488579061490e+00,-8.546815867720906554e-03,1.943074563063431626e+00
1.089674020123267972e+00,-4.890149889403339924e-03,1.919635477561401959e+00
1.091611302245604875e+00,-1.253748459349605937e-03,1.825746250739635590e+00
1.092203953588053889e+00,-1.825108719510659151e-04,1.789012765423227513e+00
1.092284672827174230e+00,-3.830924237976373616e-05,1.783904729345125117e+00
1.092297073122879159e+00,-1.619316310851219641e-05,1.783119780117324860e+00
1.092309473418584087e+00,5.913959406776306504e-06,1.782639741273850609e+00
1.092321160371402922e+00,2.674691600725462385e-05,1.782525092266697753e+00
1.092438029899591267e+00,2.350027876474851819e-04,1.781378602195170080e+00
1.093606725181474726e+00,2.310192067594527606e-03,1.769913701479893353e+00
1.103606725181474735e+00,1.951882908239347195e-02,1.671813701479893277e+00
1.113606725181474744e+00,3.574646609719241835e-02,1.573713701479893201e+00
1.123606725181474753e+00,5.099310311199136553e-02,1.475613701479893125e+00
1.133606725181474761e+00,6.525874012679031000e-02,1.377513701479893049e+00
1.143606725181474770e+00,7.854337714158925177e-02,1.279413701479892973e+00
1.153606725181474779e+00,9.084701415638819777e-02,1.181313701479892897e+00
1.163606725181474788e+00,1.021696511711871341e-01,1.083213701479892821e+00
1.173606725181474797e+00,1.125112881859860747e-01,9.851137014798927449e-01
1.183606725181474806e+00,1.218719252007850057e-01,8.870137014798926689e-01
1.193606725181474815e+00,1.302515622155839270e-01,7.889137014798925929e-01
1.203606725181474824e+00,1.376501992303828525e-01,6.908137014798925168e-01
1.213606725181474832e+00,1.440678362451817685e-01,5.927137014798924408e-01
1.223606725181474841e+00,1.495044732599807025e-01,4.946137014798923648e-01
1.233606725181474850e+00,1.539601102747796268e-01,3.965137014798922888e-01
1.243606725181474859e+00,1.574347472895785416e-01,2.984137014798922127e-01
1.253606725181474868e+00,1.599283843043774744e-01,2.003137014798921367e-01
1.263606725181474877e+00,1.614410213191763976e-01,1.022137014798920468e-01
1.273606725181474886e+00,1.619726583339753112e-01,4.113701479891956891e-03
1.283606725181474895e+00,1.615232953487742429e-01,-9.398629852010813301e-02
1.293606725181474904e+00,1.600929323635731649e-01,-1.920862985201082229e-01
1.303606725181474912e+00,1.576815693783720773e-01,-2.901862985201082989e-01
1.313606725181474921e+00,1.542892063931709801e-01,-3.882862985201083750e-01
1.323606725181474930e+00,1.499158434079699009e-01,-4.863862985201084510e-01
1.333606725181474939e+00,1.445614804227688122e-01,-5.844862985201085825e-01
1.343606725181474948e+00,1.382261174375677137e-01,-6.825862985201086586e-01
1.353606725181474957e+00,1.309097544523666334e-01,-7.806862985201087346e-01
1.363606725181474966e+00,1.226123914671655435e-01,-8.787862985201088106e-01
1.373606725181474975e+00,1.133340284819644439e-01,-9.768862985201088867e-01
1.383606725181474983e+00,1.030746654967633485e-01,-1.074986298520109074e+00
1.393606725181474992e+00,9.183430251156224355e-02,-1.173086298520109150e+00
1.403606725181475001e+00,7.961293952636114279e-02,-1.271186298520109226e+00
1.413606725181475010e+00,6.641057654116003239e-02,-1.369286298520109302e+00
1.423606725181475019e+00,5.222721355595892623e-02,-1.467386298520109378e+00
1.433606725181475028e+00,3.706285057075781736e-02,-1.565486298520109454e+00
1.443606725181475037e+00,2.091748758555670579e-02,-1.663586298520109530e+00
1.453606725181475046e+00,3.791124600355594981e-03,-1.761686298520109606e+00
1.455606725181475047e+00,2.481320033153725825e-04,-1.781306298520109577e+00
1.455669535055948316e+00,1.362290276878565373e-04,-1.781922463388692313e+00
1.455732344930421585e+00,2.428735082229000744e-05,-1.782538628257275048e+00
1.455742103457668302e+00,6.891931952586661690e-06,-1.782634359409565272e+00
1.455751861984915019e+00,-1.050394039535163093e-05,-1.782490222661267998e+00
1.455761511001912423e+00,-2.770118606693408174e-05,-1.782068879528651895e+00
1.455858001171886462e+00,-1.994499078554599783e-04,-1.777850445714876271e+00
1.456351697354107966e+00,-1.071748882516006859e-03,-1.755684319634517765e+00
1.457357300088369056e+00,-2.812359461450657152e-03,-1.704478446580118600e+00
1.458914011786872633e+00,-5.389446059354788439e-03,-1.600848396856105582e+00
1.460797820225970822e+00,-8.249582564988863082e-03,-1.426211882014718935e+00
1.462737908088794336e+00,-1.079410213054490461e-02,-1.187145041228266251e+00
1.464643679527370956e+00,-1.279042328049430181e-02,-9.002721252886702885e-01
1.466473897835702367e+00,-1.415764014828916825e-02,-5.893512719842968206e-01
1.468194330887741650e+00,-1.490733491590210194e-02,-2.809316206596356724e-01
1.469569144494892621e+00,-1.512345905873615712e-02,-3.425986514332424182e-02
1.470943958102043592e+00,-1.500558002131947323e-02,2.036085643378227616e-01
1.472256309653152684e+00,-1.459743482718797031e-02,4.153755241383461638e-01
1.473806858345302784e+00,-1.377621378904897963e-02,6.383617608921200448e-01
1.475537963819888887e+00,-1.248596150048286897e-02,8.441150688420837600e-01
1.477418026031454890e+00,-1.073392233127137482e-02,1.009254066564202024e+00
1.479404932535348660e+00,-8.611313432431197401e-03,1.115900388571473778e+00
1.481458844133274555e+00,-6.265277213315849011e-03,1.157732825183804826e+00
1.483569162944790909e+00,-3.831189616703194623e-03,1.140182560966625847e+00
1.485754201325369284e+00,-1.403619720236054871e-03,1.075776948382129783e+00
1.486443625285168046e+00,-6.709485658598771714e-04,1.049367817653081403e+00
1.486650697437573054e+00,-4.545057172497702237e-04,1.041120748728221912e+00
1.486857769589978062e+00,-2.397806080216440580e-04,1.032783073873619895e+00
1.487062515271146301e+00,-2.917126676626747824e-05,1.024490634217726237e+00
1.487079205450752895e+00,-1.207797864294908480e-05,1.023814264608758906e+00
1.487094029938080819e+00,3.095727736395558974e-06,1.023422841965528240e+00
1.487107513243076218e+00,1.689395832726022173e-05,1.023290570743523364e+00
1.487242346293030204e+00,1.547781743083445334e-04,1.021967858523474826e+00
1.488590676792570067e+00,1.523811341362957131e-03,1.008740736322988774e+00
1.498590676792570076e+00,1.112071870459285274e-02,9.106407363229886975e-01
1.508590676792570084e+00,1.973662606782274759e-02,8.125407363229886215e-01
1.518590676792570093e+00,2.737153343105264147e-02,7.144407363229885455e-01
1.528590676792570102e+00,3.402544079428253265e-02,6.163407363229884695e-01
1.538590676792570111e+00,3.969834815751242113e-02,5.182407363229883934e-01
1.548590676792570120e+00,4.439025552074230691e-02,4.201407363229883174e-01
1.558590676792570129e+00,4.810116288397218998e-02,3.220407363229882414e-01
1.568590676792570138e+00,5.083107024720207728e-02,2.239407363229881653e-01
1.578590676792570147e+00,5.257997761043196189e-02,1.258407363229880893e-01
1.588590676792570155e+00,5.334788497366184379e-02,2.774073632298799941e-02
1.598590676792570164e+00,5.313479233689172299e-02,-7.035926367701209050e-02
1.608590676792570173e+00,5.194069970012159948e-02,-1.684592636770121943e-01
1.618590676792570182e+00,4.976560706335147327e-02,-2.665592636770122703e-01
1.628590676792570191e+00,4.660951442658134436e-02,-3.646592636770123463e-01
1.638590676792570200e+00,4.247242178981121968e-02,-4.627592636770124224e-01
1.648590676792570209e+00,3.735432915304109230e-02,-5.608592636770125539e-01
1.658590676792570218e+00,3.125523651627096222e-02,-6.589592636770126299e-01
1.668590676792570227e+00,2.417514387950082944e-02,-7.570592636770127060e-01
1.678590676792570235e+00,1.611405124273069395e-02,-8.551592636770127820e-01
1.688590676792570244e+00,7.071958605960555755e-03,-9.532592636770128580e-01
1.691229744262772616e+00,4.522081351285751200e-03,-9.791485155596981738e-01
1.693868811732974988e+00,1.903880614139475541e-03,-1.005037767442383378e+00
1.694348947901536118e+00,1.420194877938989794e-03,-1.009747903255967971e+00
1.694829084070097247e+00,9.342476351755666861e-04,-1.014458039069552564e+00
1.695283727976899746e+00,4.720166001986095781e-04,-1.018918095795285028e+00
1.695738371883702245e+00,7.757827607304628153e-06,-1.023378152521017492e+00
1.695775649348562286e+00,-3.038049030015935642e-05,-1.022703812039618798e+00
1.695809373280246835e+00,-6.485820377661168177e-05,-1.021999185901421914e+00
1.696146612597092318e+00,-4.083201862513158504e-04,-1.014872492174412777e+00
1.697087457143644951e+00,-1.353222085104382588e-03,-9.931992471787239873e-01
1.698668353685859334e+00,-2.888671066996499268e-03,-9.468818768858815460e-01
1.700737982818775862e+00,-4.765047229132999586e-03,-8.612454605432211530e-01
1.702925674619166108e+00,-6.519164006799087370e-03,-7.365270051831611653e-01
1.705079820302165539e+00,-7.944029533515495692e-03,-5.815135986561840165e-01
1.707156059693763828e+00,-8.975003944632837724e-03,-4.084721148512794331e-01
1.709121908750965479e+00,-9.605725271131225831e-03,-2.319515537992593024e-01
1.710949073890296379e+00,-9.877078708885980371e-03,-6.536895094723244037e-02
1.712306686025733216e+00,-9.883499975834444951e-03,5.511236967627207439e-02
1.713613868502970927e+00,-9.738720890591755913e-03,1.652116015195801424e-01
1.715220528513457188e+00,-9.371950455061105537e-03,2.889143110448504359e-01
1.717058522715047220e+00,-8.725819452120682149e-03,4.102237708806246719e-01
1.719091225142022950e+00,-7.780076986691415557e-03,5.148656712533903335e-01
1.721281870617927812e+00,-6.562372689741790936e-03,5.903819381774144670e-01
1.723581243595672330e+00,-5.152814594183544733e-03,6.290035117302867906e-01
1.725958770111960305e+00,-3.648817795683346847e-03,6.302296190786587093e-01
1.728428177421244216e+00,-2.125556953888662302e-03,5.988216619681669961e-01
1.731042866581522954e+00,-6.303764487578049878e-04,5.420097235841822014e-01
1.731861848274144133e+00,-1.947924840547462112e-04,5.216150704582904751e-01
1.732191729502823740e+00,-2.409307167052448335e-05,5.132985576692248308e-01
1.732216513239839273e+00,-1.137935264296479403e-05,5.126742057275172071e-01
1.732230931983898881e+00,-3.989852352631512684e-06,5.123111044483535936e-01
1.732245350727958488e+00,3.394714790690236508e-06,5.120499281276571502e-01
1.732258540894582755e+00,1.014788528830676639e-05,5.119205325930731298e-01
1.732390442560825417e+00,7.758571908808409138e-05,5.106265772472325937e-01
1.733709459223252036e+00,7.425769394470593159e-04,4.976870237888274540e-01
1.743709459223252045e+00,5.228947177335337669e-03,3.995870237888273779e-01
1.753709459223252054e+00,8.734317415223614295e-03,3.014870237888273019e-01
1.763709459223252063e+00,1.125868765311188908e-02,2.033870237888272259e-01
1.773709459223252072e+00,1.280205789100016291e-02,1.052870237888271360e-01
1.783709459223252081e+00,1.336442812888843402e-02,7.187023788827046067e-03
1.793709459223252090e+00,1.294579836677670417e-02,-9.091297621117304384e-02
1.803709459223252098e+00,1.154616860466497162e-02,-1.890129762111731337e-01
1.813709459223252107e+00,9.165538842553238100e-03,-2.871129762111732098e-01
1.823709459223252116e+00,5.803909080441503610e-03,-3.852129762111732858e-01
1.833709459223252125e+00,1.461279318329767284e-03,-4.833129762111733618e-01
1.835709459223252127e+00,4.750333659074199542e-04,-5.029329762111733881e-01
1.836369241990785772e+00,1.410716432407389310e-04,-5.094054451606784273e-01
1.836469268051918791e+00,9.006874747230158933e-05,-5.103867008203933908e-01
1.836569294113051809e+00,3.896770056525848214e-05,-5.113679564801083544e-01
1.836644211443295704e+00,6.298486592431102064e-07,-5.121028954898009244e-01
1.836681197635333440e+00,-1.830900387749669243e-05,-5.119492432461728582e-01
1.836714732316753418e+00,-3.547393316832644244e-05,-5.117627969563138812e-01
1.837050079130953195e+00,-2.067759779988084280e-04,-5.098658988073875298e-01
1.838130533364992880e+00,-7.540316207620604118e-04,-5.028608352200154563e-01
1.840008044838142176e+00,-1.682900761214464053e-03,-4.852547788444758758e-01
1.842462382334627780e+00,-2.831948006489919643e-03,-4.481899808526711992e-01
1.845004068922446949e+00,-3.902424673328276205e-03,-3.909220261953904596e-01
1.847479708296328793e+00,-4.782641961853580960e-03,-3.174952845939202906e-01
1.849859019460771359e+00,-5.440494366904157809e-03,-2.336782709549787285e-01
1.852119003429171684e+00,-5.870904020985325163e-03,-1.463744235411075789e-01
1.854238168040351686e+00,-6.091847951507781481e-03,-6.213295566208480725e-02
1.855912991359594866e+00,-6.140873859848384152e-03,3.201339496022512221e-03
1.857587814678838045e+00,-6.082972983481631929e-03,6.523158645824883584e-02
1.859324315569957919e+00,-5.917639012521999642e-03,1.241219531241334051e-01
1.861361079740066371e+00,-5.602037596251529736e-03,1.839513865214724708e-01
1.863643472537505508e+00,-5.118750703123146548e-03,2.369127551865922998e-01
1.866145894823808993e+00,-4.472436390193617640e-03,2.763400487648903225e-01
1.868821639336192719e+00,-3.700549288738282441e-03,2.970296066302938742e-01
1.871620950813455142e+00,-2.864099649661030859e-03,2.972235376074177093e-01
1.874546734785078383e+00,-2.017878443176220841e-03,2.784532563868067356e-01
1.877690023513810091e+00,-1.194903009709410774e-03,2.431578822015024732e-01
1.881335405110849068e+00,-4.001672538989967630e-04,1.917836993724891526e-01
1.882443883485886760e+00,-1.966674116783906562e-04,1.753799689948405127e-01
1.883552361860924451e+00,-1.132256564855343918e-05,1.590726581212828228e-01
1.883618825729187041e+00,-7.821630500008846300e-07,1.581045440647813605e-01
1.883654093743984292e+00,4.787231626980591238e-06,1.577433180956569481e-01
1.883686393670983783e+00,9.877211971808866884e-06,1.574264558117919321e-01
1.884009392940978689e+00,6.021411084501638276e-05,1.542578329731419118e-01
1.887239385640927747e+00,5.072926420695686358e-04,1.225716045866416526e-01
1.897239385640927756e+00,1.242508687935985328e-03,2.447160458664156268e-02
1.907239385640927765e+00,9.967247338024004012e-04,-7.362839541335852722e-02
1.909239385640927766e+00,8.298479429756831999e-04,-9.324839541335855353e-02
1.911239385640927768e+00,6.237311521489659338e-04,-1.128683954133585798e-01
1.913832179977412506e+00,2.981123487313273521e-04,-1.383037078542738718e-01
1.914686338150273670e+00,1.764004860967742473e-04,-1.466829995300418799e-01
1.915540496323134834e+00,4.753138299457639092e-05,-1.550622912058098879e-01
1.915652193535035241e+00,3.015016130564557919e-05,-1.561580408545528986e-01
1.915763890746935649e+00,1.264654743600932211e-05,-1.572537905032959094e-01
1.915800610539858839e+00,6.865607188983265693e-06,-1.576140116718723894e-01
1.915837330332782029e+00,1.071439695240530381e-06,-1.579742328404488694e-01
1.915873816541437957e+00,-4.696389746306693174e-06,-1.581748763064579344e-01
1.915907030032954150e+00,-9.952721371922380059e-06,-1.583429438113033161e-01
1.916239164948116080e+00,-6.282123958777237858e-05,-1.600073629925011509e-01
1.917496384030407786e+00,-2.677729539356401667e-04,-1.659133854184992041e-01
1.920059979992878363e+00,-7.058407279147956102e-04,-1.751130470615135937e-01
1.923323709728097741e+00,-1.286819763342521815e-03,-1.793450805255551728e-01
1.926505253257820183e+00,-1.851191405910038081e-03,-1.737435844148520481e-01
1.929543283534740139e+00,-2.358747935682482030e-03,-1.588475777083118712e-01
1.932460495936227707e+00,-2.790999207639256220e-03,-1.362264515671750831e-01
1.935255934415144541e+00,-3.133807679785002766e-03,-1.081239224283647993e-01
1.937922957337553820e+00,-3.381512849249673769e-03,-7.710058636694686052e-02
1.940453360541835925e+00,-3.537012482379586764e-03,-4.562406144943211006e-02
1.942830899755134677e+00,-3.609970465921423077e-03,-1.584370047863287861e-02
1.944663094917561619e+00,-3.618543206968197028e-03,6.306312635634785807e-03
1.946495290079988560e+00,-3.587699778450593666e-03,2.708654257944748470e-02
1.948596314086114445e+00,-3.507747355161387141e-03,4.854542348703178717e-02
1.951042996324970691e+00,-3.362342667903593912e-03,6.953416109092588893e-02
1.953814889958465528e+00,-3.143429357425105673e-03,8.730484441563884923e-02
1.956938944477899955e+00,-2.849860651613803780e-03,9.919295370871372697e-02
1.960395683331294325e+00,-2.498289744734213860e-03,1.025870221100771834e-01
1.963953233365876461e+00,-2.141250796077057497e-03,9.670900079321519127e-02
1.967409492127532245e+00,-1.827466474128035907e-03,8.387973331607510852e-02
1.970775232940136235e+00,-1.572993550295363925e-03,6.674020264987146067e-02
1.974067102032928345e+00,-1.384628455607864747e-03,4.742512593908110308e-02
1.977273095432161565e+00,-1.264111208575657884e-03,2.772241902153722154e-02
1.980360886483517158e+00,-1.207514874106206497e-03,9.070642340910220480e-03
1.982850912131227217e+00,-1.202801775870509203e-03,-5.118407161086274693e-03
1.985340937778937276e+00,-1.232023376354823016e-03,-1.812693664129443050e-02
1.988360726399628353e+00,-1.308112160077455144e-03,-3.185423573249283186e-02
1.991977688806846336e+00,-1.447855840391514687e-03,-4.471477427465481158e-02
1.996115275924165378e+00,-1.654025764067713119e-03,-5.391087662874294306e-02
2.000000000000000000e+00,-1.870857532038503173e-03,-5.678112133043398263e-02
