t,x1,y1,z1,x2,y2,z2,x3,y3,z3,xd1,yd1,zd1,xd2,yd2,zd2,xd3,yd3,zd3,PosConstrNorm,VelConstrNorm,AccConstrNorm
0.0,0.0,0.0,0.0,0.0,0.0,0.0,0.0,0.0,0.0,0.0,0.0,0.0,0.0,0.0,0.0,0.0,0.0,0.0,0.0,0.0,0.0
0.002,2985.2452251857,-1000.9736541954,634.2367244142,3603.1181651241,-851.633617828,999.1776716127,2480.3079789101,-831.6969825016,-16.6079173541,10.0,-3.876057330230431e-15,4.770986219318903e-15,3.6002280290003015e-16,-1.5114025132625208e-15,3.333280841266449e-33,-1.985245658514564e-15,-6.7232682322598345e-15,7.365273696516103e-33,0.028284271247436175,14.142135623730953,2.2436363058681298e-13
0.004,2985.2652251857,-1000.9736541954,634.2367244142,3603.1181651241,-851.633617828,999.1776716127,2480.3079789101,-831.6969825016,-16.6079173541,10.0,-5.918099057213645e-15,4.720162141789599e-15,-3.402918953983136e-15,-2.150674370579744e-15,2.119773545713367e-32,3.565532651270254e-15,-8.71655975938006e-15,3.4165651617466255e-32,0.05656854249487235,14.142135623730951,4.9607091388753175e-14
0.006,2985.2852251857,-1000.9736541954,634.2367244142,3603.1181651241,-851.633617828,999.1776716127,2480.3079789101,-831.6969825016,-16.6079173541,10.0,-4.390190854293026e-15,7.410799560211254e-15,-4.003638845890756e-15,-3.3497122511523985e-15,1.914406075262893e-32,3.93480169121027e-15,-7.34344252627067e-15,2.8573463608739967e-32,0.08485281374230853,14.142135623730953,2.8974063694000726e-13
0.008,2985.3052251857,-1000.9736541954,634.2367244142,3603.1181651241,-851.633617828,999.1776716127,2480.3079789101,-831.6969825016,-16.6079173541,10.0,-1.870526529752919e-15,6.704003199130996e-15,-2.575931536225149e-15,-3.8644111511209136e-15,4.007156544280784e-32,1.2697807300891955e-15,-2.3761518651869997e-15,1.028465839162331e-31,0.1131370849897447,14.14213562373095,1.9785773125348382e-13
0.01,2985.3252251856998,-1000.9736541954,634.2367244142,3603.1181651241,-851.633617828,999.1776716127,2480.3079789101,-831.6969825016,-16.6079173541,10.0,-3.429454365218237e-15,5.147318837744937e-15,-1.647320819138572e-15,-4.041732378844401e-15,7.833196723096113e-32,-4.316420682236995e-16,-3.494254674129056e-15,1.1332835684278867e-31,0.14142135623718088,14.14213562373095,6.865724476858703e-14
0.012,2985.3452251856997,-1000.9736541954,634.2367244142,3603.1181651241,-851.633617828,999.1776716127,2480.3079789101,-831.6969825016,-16.6079173541,10.0,-2.9068784880342e-15,3.889127305224431e-15,1.5635079438736496e-15,-5.521180509201945e-15,7.206299421511299e-32,-1.5633393733817838e-15,8.537991410217034e-16,9.999536681614934e-32,0.16970562748461707,14.142135623730951,5.99284320347172e-14
0.016,2985.3852251856997,-1000.9736541954,634.2367244142,3603.1181651241,-851.633617828,999.1776716127,2480.3079789101,-831.6969825016,-16.6079173541,10.0,-1.325769620100961e-14,1.1834133750617275e-14,2.8763830430218586e-16,-6.958224257468192e-15,9.13475016976002e-32,1.7787278737261395e-15,-1.766273033412039e-14,-1.041370277050674e-31,0.2262741699794894,14.142135623730951,7.850001985273512e-14
0.02,2985.4252251856997,-1000.9736541954,634.2367244142,3603.1181651241,-851.633617828,999.1776716127,2480.3079789101,-831.6969825016,-16.6079173541,10.0,-1.124276572743801e-14,1.2066235528004898e-14,-2.815557718685076e-15,-5.381451873019864e-15,9.091200412237004e-32,5.4835317446214815e-15,-1.8906350673426986e-14,-1.3938895658383384e-31,0.28284271247436177,14.142135623730951,1.0503203992071184e-13
0.024,2985.4652251856996,-1000.9736541954,634.2367244142,3603.1181651241,-851.633617828,999.1776716127,2480.3079789101,-831.6969825016,-16.6079173541,10.0,-6.387735358554055e-15,9.813773109285677e-15,-2.712720212310516e-15,-5.872897395700886e-15,1.205474684500745e-31,7.436110579697116e-15,-1.2089202518641844e-14,1.1330203640047351e-32,0.33941125496923413,14.142135623730951,3.018467377857659e-14
0.028,2985.5052251856996,-1000.9736541954,634.2367244142,3603.1181651241,-851.633617828,999.1776716127,2480.3079789101,-831.6969825016,-16.6079173541,10.0,-1.19102090303293e-14,1.2444901214568637e-14,-1.8677900050566153e-15,-6.823851629542854e-15,1.1610615373629393e-31,3.610697434916026e-15,-1.9094844810503427e-14,2.6015302413379833e-32,0.39597979746410644,14.142135623730951,1.1755567987461845e-13
0.032,2985.5452251856996,-1000.9736541954,634.2367244142,3603.1181651241,-851.633617828,999.1776716127,2480.3079789101,-831.6969825016,-16.6079173541,10.0,-7.286707310230973e-15,8.067629379581402e-15,-2.5850812350514593e-15,-7.929399481312502e-15,1.6161262071633668e-31,6.4421427697610174e-15,-9.476626077785765e-15,-8.569138795971014e-31,0.4525483399589788,14.14213562373095,1.1313783219777884e-13
0.036000000000000004,2985.5852251856995,-1000.9736541954,634.2367244142,3603.1181651241,-851.633617828,999.1776716127,2480.3079789101,-831.6969825016,-16.6079173541,10.0,-7.446131746918174e-15,7.6554981480556e-15,-3.4725349493368594e-15,-5.5225279796509486e-15,1.7097750594397466e-31,5.56503909417106e-15,-1.1668113504148373e-14,-1.2471022869250422e-30,0.5091168824538512,14.142135623730951,5.829279016856365e-14
0.044000000000000004,2985.6652251856995,-1000.9736541954,634.2367244142,3603.1181651241,-851.633617828,999.1776716127,2480.3079789101,-831.6969825016,-16.6079173541,10.0,-8.342828995586963e-15,5.334934066116609e-15,-1.0305364233660972e-14,-7.983104287996875e-15,1.1855256973740833e-30,1.2549972087649322e-14,-6.7909742843814794e-15,-3.287431850415914e-31,0.6222539674435958,14.142135623730951,7.922432241506599e-14
0.052000000000000005,2985.7452251856994,-1000.9736541954,634.2367244142,3603.1181651241,-851.633617828,999.1776716127,2480.3079789101,-831.6969825016,-16.6079173541,10.0,-2.1631597931872187e-14,8.642893706195669e-15,-7.622383709178256e-15,-9.735006670499825e-15,1.1451664136560162e-30,1.2551269694579717e-14,-2.352116126425605e-14,-2.8378412805980736e-30,0.7353910524333406,14.14213562373095,8.60789267396315e-14
0.060000000000000005,2985.8252251856993,-1000.9736541954,634.2367244142,3603.1181651241,-851.633617828,999.1776716127,2480.3079789101,-831.6969825016,-16.6079173541,10.0,-3.191293003633082e-14,1.6493989970826588e-14,-5.913613266434962e-16,-1.4908814613116654e-14,1.1058399107076699e-30,9.504398403781284e-15,-3.369903084939872e-14,-2.1576397255696472e-30,0.8485281374230853,14.142135623730951,7.160516657116445e-14
0.068,2985.9052251856992,-1000.9736541954,634.2367244142,3603.1181651241,-851.633617828,999.1776716127,2480.3079789101,-831.6969825016,-16.6079173541,10.0,-3.4821609190894283e-14,1.8830259934288673e-14,-5.4331387789598396e-15,-1.0608739798873054e-14,1.2084742598340859e-30,1.4654180643116724e-14,-4.4344494708048015e-14,-1.3645014806166477e-30,0.9616652224128299,14.142135623730953,1.216585345113993e-13
0.07600000000000001,2985.985225185699,-1000.9736541954,634.2367244142,3603.1181651241,-851.633617828,999.1776716127,2480.3079789101,-831.6969825016,-16.6079173541,10.0,-4.7893456164047684e-14,2.964052254898125e-14,8.738442154218702e-15,-1.0831414018469595e-14,1.3114827521404398e-30,-6.496254489116395e-15,-6.263313041488375e-14,-1.227422970799648e-30,1.0748023074025748,14.14213562373095,8.811526177375936e-14
0.08400000000000002,2986.065225185699,-1000.9736541954,634.2367244142,3603.1181651241,-851.633617828,999.1776716127,2480.3079789101,-831.6969825016,-16.6079173541,10.0,-6.550916696629011e-14,3.888193608743237e-14,1.9167895491049028e-14,-1.2327678561396294e-14,1.4402369171008092e-30,-1.8848861642254047e-14,-8.763713474991913e-14,2.136727172676953e-31,1.1879393923923194,14.142135623730953,2.913878751358343e-13
0.09400000000000001,2986.165225185699,-1000.9736541954,634.2367244142,3603.1181651241,-851.633617828,999.1776716127,2480.3079789101,-831.6969825016,-16.6079173541,10.0,-6.863384245086821e-14,3.8455875002433073e-14,1.858704681403923e-14,-7.2399101048608e-15,1.9410672382569167e-30,-1.6116136116847617e-14,-8.862099864673882e-14,2.6316537067565656e-30,1.3293607486295003,14.142135623730951,6.928769962581882e-14
0.10400000000000001,2986.265225185699,-1000.9736541954,634.2367244142,3603.1181651241,-851.633617828,999.1776716127,2480.3079789101,-831.6969825016,-16.6079173541,10.0,-5.620366686199698e-14,2.86856242773803e-14,2.168036313116291e-14,-7.447308402625838e-15,1.903454809394106e-30,-1.684249918533207e-14,-6.741544483370224e-14,-8.615680439244203e-31,1.4707821048666812,14.14213562373095,7.857744139782943e-14
0.114,2986.365225185699,-1000.9736541954,634.2367244142,3603.1181651241,-851.633617828,999.1776716127,2480.3079789101,-831.6969825016,-16.6079173541,10.0,-6.592098544622318e-14,2.304818648655705e-14,2.9983159485785886e-14,-4.9851082846911505e-15,2.08503894361959e-30,-2.818333563400613e-14,-7.741583420362645e-14,-6.364731347992216e-30,1.612203461103862,14.142135623730951,1.0333470109429933e-13
0.124,2986.4652251856987,-1000.9736541954,634.2367244142,3603.1181651241,-851.633617828,999.1776716127,2480.3079789101,-831.6969825016,-16.6079173541,10.0,-5.3578088940309326e-14,2.3915000639160385e-14,2.321135859504183e-14,-6.339329230878584e-15,2.168130495072252e-30,-2.427734572047162e-14,-6.242557205038139e-14,-6.043163442405295e-30,1.753624817341043,14.142135623730951,3.44598765455853e-14
0.134,2986.5652251856986,-1000.9736541954,634.2367244142,3603.1181651241,-851.633617828,999.1776716127,2480.3079789101,-831.6969825016,-16.6079173541,10.0,-6.280770450836817e-14,3.017582306434756e-14,3.1459261356508583e-14,-9.870813239962411e-15,2.257052659586608e-30,-2.3787233333342975e-14,-7.253700830180259e-14,-5.697516140494128e-30,1.8950461735782238,14.14213562373095,1.474371015329434e-13
0.14400000000000002,2986.6652251856985,-1000.9736541954,634.2367244142,3603.1181651241,-851.633617828,999.1776716127,2480.3079789101,-831.6969825016,-16.6079173541,10.0,-7.188490757957887e-14,2.5088736882048682e-14,3.0914154665651984e-14,-5.798490894705333e-15,2.9732278241920278e-30,-1.547112981335909e-14,-8.556799690241362e-14,-4.6711365074078754e-30,2.036467529815405,14.142135623730951,1.930616641998413e-13
0.15400000000000003,2986.7652251856985,-1000.9736541954,634.2367244142,3603.1181651241,-851.633617828,999.1776716127,2480.3079789101,-831.6969825016,-16.6079173541,10.0,-5.373952399594388e-14,1.0679068242877076e-14,2.3456109429194892e-14,-4.247595710702181e-15,2.688229368928054e-30,-2.868265418753667e-16,-5.832095587084162e-14,-1.7423467159781667e-29,2.177888886052586,14.142135623730951,1.0501524837414779e-13
0.16400000000000003,2986.8652251856984,-1000.9736541954,634.2367244142,3603.1181651241,-851.633617828,999.1776716127,2480.3079789101,-831.6969825016,-16.6079173541,10.0,-4.523286042515092e-14,1.607995831056231e-14,1.6929718529987623e-14,-3.994073570546931e-15,2.593348099860581e-30,2.0725103696472614e-15,-5.3996981323090736e-14,-1.884291456259789e-29,2.3193102422897662,14.14213562373095,1.1068728788444222e-13
0.17400000000000004,2986.9652251856983,-1000.9736541954,634.2367244142,3603.1181651241,-851.633617828,999.1776716127,2480.3079789101,-831.6969825016,-16.6079173541,10.0,-4.496385068003189e-14,2.290204110597491e-14,1.4258519271443957e-14,-5.2397588235146025e-15,2.347283248296202e-30,7.979335801125445e-15,-5.5928580948627186e-14,-2.2679754212198898e-29,2.4607315985269476,14.14213562373095,2.4653931526454267e-14
0.18400000000000005,2987.065225185698,-1000.9736541954,634.2367244142,3603.1181651241,-851.633617828,999.1776716127,2480.3079789101,-831.6969825016,-16.6079173541,10.0,-6.155723925725585e-14,3.8280959701547205e-14,2.5473614486285445e-14,-6.928150353007866e-15,1.6963529693163546e-30,-3.583567606366881e-15,-7.605300705232724e-14,-3.1591320624100436e-29,2.602152954764128,14.14213562373095,8.658686279242956e-14
0.19400000000000006,2987.165225185698,-1000.9736541954,634.2367244142,3603.1181651241,-851.633617828,999.1776716127,2480.3079789101,-831.6969825016,-16.6079173541,10.0,-5.382949729430805e-14,4.3801506611557564e-14,2.8197603540210902e-14,-3.522510516428168e-15,8.30916968563421e-31,-4.656046353435714e-15,-7.103341343283079e-14,-3.2870439804662467e-29,2.7435743110013093,14.14213562373095,8.315027777958333e-14
0.20400000000000007,2987.265225185698,-1000.9736541954,634.2367244142,3603.1181651241,-851.633617828,999.1776716127,2480.3079789101,-831.6969825016,-16.6079173541,10.0,-4.719201929759967e-14,4.266745238659878e-14,2.3003582854388724e-14,-7.3384170211754e-15,-2.584692332204371e-32,9.248231269853874e-15,-5.705503915200459e-14,-3.6237097739777927e-29,2.8849956672384898,14.142135623730946,6.427583442686345e-14
0.21400000000000008,2987.365225185698,-1000.9736541954,634.2367244142,3603.1181651241,-851.633617828,999.1776716127,2480.3079789101,-831.6969825016,-16.6079173541,10.0,-4.4572259905043604e-14,4.437520425486516e-14,2.515746545230328e-15,-7.168572976957214e-15,-1.9384812621192117e-30,2.589121954671987e-14,-5.500234305734054e-14,-3.918730313439977e-29,3.026417023475671,14.142135623730946,1.593740420709379e-13
0.2240000000000001,2987.465225185698,-1000.9736541954,634.2367244142,3603.1181651241,-851.633617828,999.1776716127,2480.3079789101,-831.6969825016,-16.6079173541,10.0,-3.6644563487872233e-14,5.0636722048998103e-14,1.5276006335052667e-14,-1.1505764798784544e-14,-3.543901298682227e-30,1.7092820779849012e-14,-4.208249734481226e-14,-4.3586363617237303e-29,3.1678383797128515,14.142135623730946,5.32984274820874e-14
0.2340000000000001,2987.5652251856977,-1000.9736541954,634.2367244142,3603.1181651241,-851.633617828,999.1776716127,2480.3079789101,-831.6969825016,-16.6079173541,10.0,-4.138255190258793e-14,5.252474174632175e-14,3.6892951274140486e-14,-9.045428825439845e-15,-4.803837020981753e-30,-1.2893830077950382e-14,-4.937809045256522e-14,-4.5875317238116e-29,3.309259735950033,14.142135623730946,9.041337246676703e-14
0.2440000000000001,2987.6652251856976,-1000.9736541954,634.2367244142,3603.1181651241,-851.633617828,999.1776716127,2480.3079789101,-831.6969825016,-16.6079173541,10.0,-4.6350366603506957e-14,5.885887669577642e-14,4.507510684900435e-14,-1.2129217934812282e-14,-6.0888137119251686e-30,-1.9925475721924657e-14,-5.370391252802477e-14,-4.9877142608420035e-29,3.4506810921872133,14.14213562373095,5.0701300651811324e-14
0.2540000000000001,2987.7652251856975,-1000.9736541954,634.2367244142,3603.1181651241,-851.633617828,999.1776716127,2480.3079789101,-831.6969825016,-16.6079173541,10.0,-5.4741965814968e-14,7.34530510741912e-14,4.802818330510739e-14,-1.4254948052341677e-14,-7.494647549668875e-30,-2.9444313845784936e-14,-6.652935779601362e-14,-5.602023452759825e-29,3.592102448424394,14.142135623730946,1.1410088607742082e-13
0.2640000000000001,2987.8652251856975,-1000.9736541954,634.2367244142,3603.1181651241,-851.633617828,999.1776716127,2480.3079789101,-831.6969825016,-16.6079173541,10.0,-6.916939736759777e-14,9.960104307641994e-14,6.797779448185372e-14,-9.823199850272361e-15,-8.766971734809523e-30,-6.284394771785006e-14,-1.0133800444645971e-13,-5.702681744316399e-29,3.733523804661575,14.142135623730946,1.5745237616834766e-13
0.27400000000000013,2987.9652251856974,-1000.9736541954,634.2367244142,3603.1181651241,-851.633617828,999.1776716127,2480.3079789101,-831.6969825016,-16.6079173541,10.0,-7.700452574895985e-14,1.0858013927862186e-13,7.031587800317991e-14,-1.2154974388509046e-14,-1.0488295169346299e-29,-6.99544440937159e-14,-1.138083158554637e-13,-6.110177925155876e-29,3.874945160898756,14.142135623730946,3.3662582369363186e-14
0.28400000000000014,2988.0652251856973,-1000.9736541954,634.2367244142,3603.1181651241,-851.633617828,999.1776716127,2480.3079789101,-831.6969825016,-16.6079173541,10.0,-7.529323227005733e-14,1.1468790210580692e-13,7.347011038688692e-14,-1.4918020341512863e-14,-1.1594801089337723e-29,-8.221165259282204e-14,-1.1299027099514509e-13,-5.717674103093321e-29,4.016366517135937,14.142135623730946,7.129563910340729e-14
0.29400000000000015,2988.165225185697,-1000.9736541954,634.2367244142,3603.1181651241,-851.633617828,999.1776716127,2480.3079789101,-831.6969825016,-16.6079173541,10.0,-7.592437864855226e-14,1.1863321480371036e-13,6.543167236833012e-14,-1.9742618707698965e-14,-1.2611616362648197e-29,-6.436579073075864e-14,-1.1319521156229611e-13,-5.389636347333009e-29,4.157787873373118,14.142135623730942,3.420397672501233e-14
0.30400000000000016,2988.265225185697,-1000.9736541954,634.2367244142,3603.1181651241,-851.633617828,999.1776716127,2480.3079789101,-831.6969825016,-16.6079173541,10.0,-8.044658930610542e-14,1.3065661739941615e-13,6.083878766673807e-14,-1.532575650157627e-14,-1.3868900086146234e-29,-7.01368326754056e-14,-1.2886511548129225e-13,-4.9722180050362185e-29,4.299209229610299,14.142135623730942,7.51072100179129e-14
0.31400000000000017,2988.365225185697,-1000.9736541954,634.2367244142,3603.1181651241,-851.633617828,999.1776716127,2480.3079789101,-831.6969825016,-16.6079173541,10.0,-7.722874597466664e-14,1.2256230166905459e-13,6.162803183319463e-14,-1.4045827170870993e-14,-1.5231543725222723e-29,-6.441592889703585e-14,-1.1907352083589768e-13,-4.5746158706379965e-29,4.4406305858474795,14.142135623730942,1.7551083122640804e-13
0.3240000000000002,2988.465225185697,-1000.9736541954,634.2367244142,3603.1181651241,-851.633617828,999.1776716127,2480.3079789101,-831.6969825016,-16.6079173541,10.0,-8.398533180562783e-14,1.146080256930874e-13,5.993489510628328e-14,-1.345357765169973e-14,-1.677073650781329e-29,-5.979627641057335e-14,-1.2246282846833575e-13,-4.3663076499576644e-29,4.582051942084661,14.142135623730946,1.3869525222030083e-13
0.3340000000000002,2988.565225185697,-1000.9736541954,634.2367244142,3603.1181651241,-851.633617828,999.1776716127,2480.3079789101,-831.6969825016,-16.6079173541,10.0,-8.771966216657836e-14,1.1596777272856813e-13,6.049615076407565e-14,-1.7562342137670924e-14,-1.7762355568766575e-29,-5.349448217460132e-14,-1.237982834144146e-13,-4.1373596459873425e-29,4.723473298321841,14.142135623730944,5.888587249748676e-14
0.3440000000000002,2988.6652251856967,-1000.9736541954,634.2367244142,3603.1181651241,-851.633617828,999.1776716127,2480.3079789101,-831.6969825016,-16.6079173541,10.0,-8.355770723724146e-14,1.1345026408871838e-13,6.506945841918249e-14,-1.577625355104729e-14,-1.9397430440464345e-29,-5.716828927846256e-14,-1.1837701395595896e-13,-3.919618063507201e-29,4.864894654559023,14.142135623730942,1.5743304912228817e-13
0.3540000000000002,2988.7652251856966,-1000.9736541954,634.2367244142,3603.1181651241,-851.633617828,999.1776716127,2480.3079789101,-831.6969825016,-16.6079173541,10.0,-7.811086633819881e-14,1.0694540167218015e-13,7.16556563481085e-14,-1.5744929038408915e-14,-2.0799475736586258e-29,-5.5896073902545336e-14,-1.0634422635156278e-13,-3.805810702929679e-29,5.006316010796203,14.142135623730944,9.558308718489574e-14
0.3640000000000002,2988.8652251856965,-1000.9736541954,634.2367244142,3603.1181651241,-851.633617828,999.1776716127,2480.3079789101,-831.6969825016,-16.6079173541,10.0,-8.54067417965851e-14,1.0849365806612226e-13,7.953336693569603e-14,-1.4152916856648676e-14,-2.2565917547434103e-29,-6.677753621724648e-14,-1.1642009158763782e-13,-3.930074167946202e-29,5.147737367033384,14.142135623730942,1.1495056553247089e-13
0.3740000000000002,2988.9652251856965,-1000.9736541954,634.2367244142,3603.1181651241,-851.633617828,999.1776716127,2480.3079789101,-831.6969825016,-16.6079173541,10.0,-9.414558015297896e-14,1.0906809786322486e-13,7.669191896089546e-14,-2.1855882354780408e-14,-2.2871363378082637e-29,-5.2723573791958846e-14,-1.2403141937933133e-13,-3.700883468030774e-29,5.289158723270565,14.142135623730942,1.000477173175084e-13
0.38400000000000023,2989.0652251856964,-1000.9736541954,634.2367244142,3603.1181651241,-851.633617828,999.1776716127,2480.3079789101,-831.6969825016,-16.6079173541,10.0,-8.992183433027303e-14,9.582193451540032e-14,6.801272784535248e-14,-2.243204524062506e-14,-2.421656052156737e-29,-3.134849773660204e-14,-1.1438644715622619e-13,-4.37953865884721e-29,5.430580079507746,14.142135623730942,5.027851946221382e-14
0.39400000000000024,2989.1652251856963,-1000.9736541954,634.2367244142,3603.1181651241,-851.633617828,999.1776716127,2480.3079789101,-831.6969825016,-16.6079173541,10.0,-8.783584399995986e-14,9.238059825117619e-14,7.35538785480234e-14,-1.8287452381235238e-14,-2.561813440613489e-29,-3.581738899266358e-14,-1.1070944029681943e-13,-4.3761552425909436e-29,5.572001435744927,14.142135623730944,8.035869910981844e-14
0.40400000000000025,2989.265225185696,-1000.9736541954,634.2367244142,3603.1181651241,-851.633617828,999.1776716127,2480.3079789101,-831.6969825016,-16.6079173541,10.0,-7.259713005505314e-14,8.523187904271281e-14,7.380307846583064e-14,-1.4585607604100435e-14,-2.7406554155676014e-29,-3.929180136920634e-14,-9.278773041545291e-14,-4.652251541985174e-29,5.713422791982108,14.142135623730944,9.235639984572802e-14
0.41400000000000026,2989.365225185696,-1000.9736541954,634.2367244142,3603.1181651241,-851.633617828,999.1776716127,2480.3079789101,-831.6969825016,-16.6079173541,10.0,-8.046099553039281e-14,9.914256219482437e-14,7.840764106539261e-14,-1.7047392007912e-14,-2.8992637376429033e-29,-4.5505879814643016e-14,-1.08794338326981e-13,-4.793089205402509e-29,5.854844148219288,14.142135623730942,6.762775507874565e-14
0.42400000000000027,2989.465225185696,-1000.9736541954,634.2367244142,3603.1181651241,-851.633617828,999.1776716127,2480.3079789101,-831.6969825016,-16.6079173541,10.0,-9.216377926870482e-14,1.0889747004241624e-13,9.320989731909671e-14,-1.8648837984549123e-14,-3.0574541318242777e-29,-6.614160733289871e-14,-1.2553231821943497e-13,-4.748432486496553e-29,5.99626550445647,14.142135623730942,2.0675698413171994e-13
0.4340000000000003,2989.565225185696,-1000.9736541954,634.2367244142,3603.1181651241,-851.633617828,999.1776716127,2480.3079789101,-831.6969825016,-16.6079173541,10.0,-8.211015723943006e-14,1.0095615161322721e-13,9.7823948024718e-14,-1.6466069496077836e-14,-3.216846823203065e-29,-6.418686868767432e-14,-1.1072099134105058e-13,-4.5851594671743005e-29,6.13768686069365,14.142135623730942,4.988520616209556e-14
0.4440000000000003,2989.665225185696,-1000.9736541954,634.2367244142,3603.1181651241,-851.633617828,999.1776716127,2480.3079789101,-831.6969825016,-16.6079173541,10.0,-7.400131865971438e-14,1.0079224326243434e-13,8.640057429379697e-14,-1.6748127784637455e-14,-3.3952390410716426e-29,-5.171123581677168e-14,-1.0310010962303083e-13,-4.5270901330613293e-29,6.279108216930831,14.142135623730942,2.2844531721026398e-14
0.4540000000000003,2989.7652251856957,-1000.9736541954,634.2367244142,3603.1181651241,-851.633617828,999.1776716127,2480.3079789101,-831.6969825016,-16.6079173541,10.0,-7.440735778831081e-14,1.0449747166098156e-13,8.892305204523234e-14,-1.929933146142611e-14,-3.557143098163766e-29,-5.845559539213558e-14,-9.611472548883011e-14,-4.6720824431454526e-29,6.420529573168012,14.142135623730942,6.316492639196032e-14
0.4640000000000003,2989.8652251856956,-1000.9736541954,634.2367244142,3603.1181651241,-851.633617828,999.1776716127,2480.3079789101,-831.6969825016,-16.6079173541,10.0,-6.408461632103783e-14,1.0735035491011677e-13,8.979973089908552e-14,-2.3576360701589606e-14,-3.7345435834566927e-29,-5.785194002116324e-14,-7.836985293919525e-14,-4.683157128762281e-29,6.561950929405193,14.142135623730939,1.247388043036646e-13
0.4740000000000003,2989.9652251856955,-1000.9736541954,634.2367244142,3603.1181651241,-851.633617828,999.1776716127,2480.3079789101,-831.6969825016,-16.6079173541,10.0,-6.727428987803322e-14,1.1075411504477369e-13,1.0261978291499456e-13,-2.5282998175063855e-14,-3.8822800466898515e-29,-7.518759860834014e-14,-8.101407855256263e-14,-4.668832287981405e-29,6.703372285642374,14.142135623730939,1.0841121705025436e-13
0.4840000000000003,2990.0652251856955,-1000.9736541954,634.2367244142,3603.1181651241,-851.633617828,999.1776716127,2480.3079789101,-831.6969825016,-16.6079173541,10.0,-5.1669003486255135e-14,1.0967023529477248e-13,9.742027916454906e-14,-2.8341485731622385e-14,-4.0335013233514035e-29,-6.692178086509981e-14,-5.604866383811696e-14,-4.769297605920758e-29,6.844793641879555,14.14213562373094,5.708747743451732e-14
0.4940000000000003,2990.1652251856954,-1000.9736541954,634.2367244142,3603.1181651241,-851.633617828,999.1776716127,2480.3079789101,-831.6969825016,-16.6079173541,10.0,-5.018580405295828e-14,1.0792602727911614e-13,9.287079293496915e-14,-2.4158347884976724e-14,-4.198367211175272e-29,-6.624217085669402e-14,-5.6065339654402727e-14,-4.8479552863845996e-29,6.986214998116735,14.14213562373094,7.65552248884915e-14
0.5040000000000003,2990.2652251856953,-1000.9736541954,634.2367244142,3603.1181651241,-851.633617828,999.1776716127,2480.3079789101,-831.6969825016,-16.6079173541,10.0,-4.8444518405566077e-14,1.134251469288685e-13,9.68559336653319e-14,-2.262133284869801e-14,-4.3860822330844804e-29,-7.69291087932627e-14,-5.611839715067692e-14,-4.9963878783041806e-29,7.127636354353917,14.14213562373094,4.358927545687492e-14
0.5140000000000003,2990.365225185695,-1000.9736541954,634.2367244142,3603.1181651241,-851.633617828,999.1776716127,2480.3079789101,-831.6969825016,-16.6079173541,10.0,-3.867986348143208e-14,1.0526544867674989e-13,9.622435107357568e-14,-1.9326044887300088e-14,-4.450838181397872e-29,-8.198582050536804e-14,-4.347208757045347e-14,-5.017754755897246e-29,7.269057710591097,14.142135623730939,5.208169815807776e-14
0.5240000000000004,2990.465225185695,-1000.9736541954,634.2367244142,3603.1181651241,-851.633617828,999.1776716127,2480.3079789101,-831.6969825016,-16.6079173541,10.0,-4.6116264603471525e-14,1.0927735247885481e-13,9.563429598122334e-14,-2.3868259147672308e-14,-4.5337380327115866e-29,-7.925510376463261e-14,-4.853972915162222e-14,-5.062348383215278e-29,7.4104790668282785,14.14213562373094,5.813867193857361e-14
0.5340000000000004,2990.565225185695,-1000.9736541954,634.2367244142,3603.1181651241,-851.633617828,999.1776716127,2480.3079789101,-831.6969825016,-16.6079173541,10.0,-4.4901219508703743e-14,1.1311013804325525e-13,8.62541518587918e-14,-2.3519606388179656e-14,-4.6742004171215235e-29,-7.471478131616598e-14,-5.056462737741621e-14,-5.213248747621409e-29,7.551900423065459,14.142135623730939,6.020030281217022e-14
0.5440000000000004,2990.665225185695,-1000.9736541954,634.2367244142,3603.1181651241,-851.633617828,999.1776716127,2480.3079789101,-831.6969825016,-16.6079173541,10.0,-5.309599440027276e-14,1.1877519578070167e-13,9.030861639777438e-14,-2.766698867707247e-14,-4.801428421608032e-29,-7.999023325174023e-14,-5.978648566285431e-14,-5.333247683505223e-29,7.693321779302639,14.142135623730939,6.749698088373211e-14
0.5540000000000004,2990.765225185695,-1000.9736541954,634.2367244142,3603.1181651241,-851.633617828,999.1776716127,2480.3079789101,-831.6969825016,-16.6079173541,10.0,-6.261623559188093e-14,1.2775984123258977e-13,9.21928360156613e-14,-2.7592921655987816e-14,-4.8284379604784903e-29,-7.942125922639962e-14,-7.541569007416281e-14,-5.176461379568419e-29,7.834743135539821,14.142135623730939,7.672149972765521e-14
0.5640000000000004,2990.8652251856947,-1000.9736541954,634.2367244142,3603.1181651241,-851.633617828,999.1776716127,2480.3079789101,-831.6969825016,-16.6079173541,10.0,-6.3121971581494e-14,1.3577564731800516e-13,9.289512770259278e-14,-2.9466822125888636e-14,-4.922271330381058e-29,-8.148931135461155e-14,-7.674766110793572e-14,-4.847969666404975e-29,7.976164491777002,14.142135623730939,1.8382261204739699e-13
0.5740000000000004,2990.9652251856946,-1000.9736541954,634.2367244142,3603.1181651241,-851.633617828,999.1776716127,2480.3079789101,-831.6969825016,-16.6079173541,10.0,-7.322006649247205e-14,1.3539676489688162e-13,8.72620074098554e-14,-3.245361855660592e-14,-5.071395233213112e-29,-6.128831958356036e-14,-8.817527763136533e-14,-4.617605768479611e-29,8.117585848014182,14.142135623730939,2.0440795250226688e-13
0.5840000000000004,2991.0652251856945,-1000.9736541954,634.2367244142,3603.1181651241,-851.633617828,999.1776716127,2480.3079789101,-831.6969825016,-16.6079173541,10.0,-7.74308671208942e-14,1.3634975587603904e-13,1.0684152144515623e-13,-2.795138536631047e-14,-5.242396552243889e-29,-8.767883421678305e-14,-9.271868748128356e-14,-4.487445454861148e-29,8.259007204251365,14.142135623730939,5.773739396298011e-14
0.5940000000000004,2991.1652251856945,-1000.9736541954,634.2367244142,3603.1181651241,-851.633617828,999.1776716127,2480.3079789101,-831.6969825016,-16.6079173541,10.0,-8.603319462247982e-14,1.4589030153523628e-13,1.0089646157157643e-13,-2.5496868350700697e-14,-5.446432175245693e-29,-7.842896370780986e-14,-1.1334918615754655e-13,-4.3468644475151903e-29,8.400428560488544,14.142135623730939,7.6084764339386e-14
0.6040000000000004,2991.2652251856944,-1000.9736541954,634.2367244142,3603.1181651241,-851.633617828,999.1776716127,2480.3079789101,-831.6969825016,-16.6079173541,10.0,-8.15379740112107e-14,1.4782341072317045e-13,9.402695645869815e-14,-2.4724944611418917e-14,-5.642303432311462e-29,-7.62499087764043e-14,-1.094420539501554e-13,-4.152924340072557e-29,8.541849916725726,14.142135623730939,2.3828952847232836e-14
0.6140000000000004,2991.3652251856943,-1000.9736541954,634.2367244142,3603.1181651241,-851.633617828,999.1776716127,2480.3079789101,-831.6969825016,-16.6079173541,10.0,-8.797760635292252e-14,1.4966904897574509e-13,9.39768226208064e-14,-2.464637608178045e-14,-5.875445309469289e-29,-8.406907888715047e-14,-1.188252864802152e-13,-4.071179869747126e-29,8.683271272962905,14.142135623730937,9.590588329799755e-14
0.6240000000000004,2991.465225185694,-1000.9736541954,634.2367244142,3603.1181651241,-851.633617828,999.1776716127,2480.3079789101,-831.6969825016,-16.6079173541,10.0,-8.233978174185152e-14,1.455371912101193e-13,8.538807349298853e-14,-2.4170179825789443e-14,-6.054596897094936e-29,-6.971679294309673e-14,-1.131717241916251e-13,-3.7288175725604385e-29,8.824692629200088,14.142135623730937,5.3002003094106045e-14
0.6340000000000005,2991.565225185694,-1000.9736541954,634.2367244142,3603.1181651241,-851.633617828,999.1776716127,2480.3079789101,-831.6969825016,-16.6079173541,10.0,-7.845734269509145e-14,1.5104494869025655e-13,8.278477634887812e-14,-2.527553164477254e-14,-6.257700652357334e-29,-6.595133052319472e-14,-1.0637611337642987e-13,-3.3850360000622095e-29,8.966113985437268,14.142135623730937,9.442803136792502e-14
0.6440000000000005,2991.665225185694,-1000.9736541954,634.2367244142,3603.1181651241,-851.633617828,999.1776716127,2480.3079789101,-831.6969825016,-16.6079173541,10.0,-7.885710211452805e-14,1.457566090456211e-13,8.726158887083049e-14,-2.564124632781186e-14,-6.464853438444744e-29,-7.837944717805572e-14,-1.0140523525889417e-13,-3.1550369925914746e-29,9.10753534167445,14.142135623730937,1.0318978661244363e-13
0.6540000000000005,2991.765225185694,-1000.9736541954,634.2367244142,3603.1181651241,-851.633617828,999.1776716127,2480.3079789101,-831.6969825016,-16.6079173541,10.0,-7.943898690086818e-14,1.4498813839306893e-13,9.151860825833816e-14,-2.4349633841051692e-14,-6.647754584785803e-29,-7.859432161682219e-14,-1.0387931750878721e-13,-2.8988633500596725e-29,9.24895669791163,14.142135623730937,1.0459927486695824e-13
0.6640000000000005,2991.865225185694,-1000.9736541954,634.2367244142,3603.1181651241,-851.633617828,999.1776716127,2480.3079789101,-831.6969825016,-16.6079173541,10.0,-8.655081733810958e-14,1.4956863140520348e-13,1.0215742971233012e-13,-3.123837422899416e-14,-6.846754906648708e-29,-7.824420140941746e-14,-1.0396361693973498e-13,-2.6520727064237233e-29,9.39037805414881,14.142135623730937,7.689653477067057e-14
0.6740000000000005,2991.9652251856937,-1000.9736541954,634.2367244142,3603.1181651241,-851.633617828,999.1776716127,2480.3079789101,-831.6969825016,-16.6079173541,10.0,-8.998941308328771e-14,1.5599235060815137e-13,1.0234013439150367e-13,-2.750017296318604e-14,-7.069837511565335e-29,-8.535089149006342e-14,-1.1463273747136226e-13,-2.610068871312388e-29,9.531799410385991,14.142135623730935,1.7666714585358362e-13
0.6840000000000005,2992.0652251856936,-1000.9736541954,634.2367244142,3603.1181651241,-851.633617828,999.1776716127,2480.3079789101,-831.6969825016,-16.6079173541,10.0,-8.46590637547012e-14,1.471690472911718e-13,1.013799986271826e-13,-3.3428633093013866e-14,-7.292935258964667e-29,-7.268521025506537e-14,-9.99514508544449e-14,-2.580099564671898e-29,9.673220766623173,14.142135623730937,1.0979098551204189e-13
0.6940000000000005,2992.1652251856935,-1000.9736541954,634.2367244142,3603.1181651241,-851.633617828,999.1776716127,2480.3079789101,-831.6969825016,-16.6079173541,10.0,-8.117447236310895e-14,1.480735286209705e-13,9.871051787751792e-14,-3.321941340175297e-14,-7.41777428382337e-29,-6.159983799292089e-14,-9.86777565332832e-14,-2.4330032236558262e-29,9.814642122860354,14.142135623730937,4.5238808094335627e-14
0.7040000000000005,2992.2652251856935,-1000.9736541954,634.2367244142,3603.1181651241,-851.633617828,999.1776716127,2480.3079789101,-831.6969825016,-16.6079173541,10.0,-7.780599963565054e-14,1.4963408419875126e-13,9.337458478500424e-14,-3.12359338996557e-14,-7.600755485887524e-29,-5.955032010107291e-14,-1.001180642923902e-13,-2.435748423329829e-29,9.956063479097534,14.142135623730935,8.831324879792276e-14
0.7140000000000005,2992.3652251856934,-1000.9736541954,634.2367244142,3603.1181651241,-851.633617828,999.1776716127,2480.3079789101,-831.6969825016,-16.6079173541,10.0,-8.390773493098381e-14,1.4408950503092704e-13,1.0430653984902337e-13,-2.665860216195638e-14,-7.794446243255033e-29,-6.874470797736371e-14,-1.0765288934695715e-13,-2.2900253085386312e-29,10.097484835334715,14.142135623730937,9.102589088064218e-14
0.7240000000000005,2992.4652251856933,-1000.9736541954,634.2367244142,3603.1181651241,-851.633617828,999.1776716127,2480.3079789101,-831.6969825016,-16.6079173541,10.0,-7.445823327147434e-14,1.3512817610349762e-13,9.670458669116831e-14,-2.5182946638201936e-14,-8.058362243678527e-29,-5.513261036473568e-14,-9.242736668420827e-14,-2.2246078769611444e-29,10.238906191571896,14.142135623730937,1.833318525910237e-14
0.7340000000000005,2992.565225185693,-1000.9736541954,634.2367244142,3603.1181651241,-851.633617828,999.1776716127,2480.3079789101,-831.6969825016,-16.6079173541,10.0,-7.098388741739865e-14,1.4407544308756676e-13,1.0250113287912861e-13,-2.85121013870438e-14,-8.338374728998844e-29,-6.107208772215168e-14,-8.765111173594074e-14,-2.295373544529897e-29,10.380327547809078,14.142135623730935,1.2854296752917676e-13
0.7440000000000005,2992.665225185693,-1000.9736541954,634.2367244142,3603.1181651241,-851.633617828,999.1776716127,2480.3079789101,-831.6969825016,-16.6079173541,10.0,-6.742930335340196e-14,1.3927794893661582e-13,9.470087889837537e-14,-2.7883646665863818e-14,-8.663402603514065e-29,-4.441335148436834e-14,-7.960176412275159e-14,-2.590644222994125e-29,10.521748904046257,14.142135623730937,5.988616369276987e-14
0.7540000000000006,2992.765225185693,-1000.9736541954,634.2367244142,3603.1181651241,-851.633617828,999.1776716127,2480.3079789101,-831.6969825016,-16.6079173541,10.0,-6.856225150251052e-14,1.41721649991092e-13,1.0353323538444027e-13,-2.946484939509425e-14,-8.998508944587262e-29,-5.90540589942901e-14,-8.052714658636432e-14,-2.553241837511582e-29,10.663170260283438,14.142135623730935,7.072342632245499e-14
0.7640000000000006,2992.865225185693,-1000.9736541954,634.2367244142,3603.1181651241,-851.633617828,999.1776716127,2480.3079789101,-831.6969825016,-16.6079173541,10.0,-7.345427961992712e-14,1.4738520688008002e-13,1.0851732153204754e-13,-3.389528338567552e-14,-9.283421841253272e-29,-5.5036306113334416e-14,-8.5201394827838e-14,-2.838878934924428e-29,10.80459161652062,14.142135623730933,1.595654680959714e-13
0.7740000000000006,2992.965225185693,-1000.9736541954,634.2367244142,3603.1181651241,-851.633617828,999.1776716127,2480.3079789101,-831.6969825016,-16.6079173541,10.0,-7.026078758826381e-14,1.4589957831306795e-13,1.1885850172659352e-13,-3.167994318699282e-14,-9.590972890656153e-29,-7.02335472488532e-14,-8.084264460791885e-14,-2.9206111572131574e-29,10.9460129727578,14.142135623730933,5.40099727999554e-14
0.7840000000000006,2993.0652251856927,-1000.9736541954,634.2367244142,3603.1181651241,-851.633617828,999.1776716127,2480.3079789101,-831.6969825016,-16.6079173541,10.0,-7.714270356452979e-14,1.4874256163318088e-13,1.2643913579100792e-13,-3.613808889972164e-14,-9.900528801012694e-29,-6.299076727761765e-14,-8.80003643400608e-14,-2.996887699068953e-29,11.087434328994982,14.142135623730935,5.406496152870647e-14
0.7940000000000006,2993.1652251856926,-1000.9736541954,634.2367244142,3603.1181651241,-851.633617828,999.1776716127,2480.3079789101,-831.6969825016,-16.6079173541,10.0,-7.477853251308375e-14,1.5081902114765752e-13,1.2655309782486315e-13,-3.683106623485936e-14,-1.023139823295788e-28,-6.788897016171608e-14,-8.536393650081031e-14,-3.049863235902863e-29,11.228855685232162,14.142135623730935,1.2546793921253518e-13
0.8040000000000006,2993.2652251856925,-1000.9736541954,634.2367244142,3603.1181651241,-851.633617828,999.1776716127,2480.3079789101,-831.6969825016,-16.6079173541,10.0,-7.099781117439633e-14,1.4483777214319506e-13,1.2971639845353788e-13,-3.62891140959239e-14,-1.0465557567719084e-28,-7.639300368748104e-14,-8.147483060862257e-14,-2.961044105416114e-29,11.370277041469343,14.142135623730935,4.252913424259913e-14
0.8140000000000006,2993.3652251856925,-1000.9736541954,634.2367244142,3603.1181651241,-851.633617828,999.1776716127,2480.3079789101,-831.6969825016,-16.6079173541,10.0,-7.10035829078284e-14,1.4522983280049165e-13,1.289898755701031e-13,-3.7066968311539407e-14,-1.0693977330331263e-28,-7.89866397480733e-14,-7.881798393201657e-14,-3.1808729142895694e-29,11.511698397706523,14.142135623730933,6.108604624614097e-14
0.8240000000000006,2993.4652251856924,-1000.9736541954,634.2367244142,3603.1181651241,-851.633617828,999.1776716127,2480.3079789101,-831.6969825016,-16.6079173541,10.0,-7.312894922228198e-14,1.5273320683586688e-13,1.234535872927238e-13,-4.503193484434753e-14,-1.089993283892653e-28,-7.314090820796234e-14,-7.412654217536601e-14,-3.129569395793964e-29,11.653119753943704,14.142135623730933,1.4305687665823564e-13
0.8340000000000006,2993.5652251856923,-1000.9736541954,634.2367244142,3603.1181651241,-851.633617828,999.1776716127,2480.3079789101,-831.6969825016,-16.6079173541,10.0,-7.610965974067025e-14,1.500447651724413e-13,1.1106012515137471e-13,-4.7270549915250514e-14,-1.108284690851082e-28,-6.376081121078025e-14,-7.460076402552587e-14,-3.307381544359536e-29,11.794541110180885,14.142135623730933,6.313458349498248e-14
0.8440000000000006,2993.665225185692,-1000.9736541954,634.2367244142,3603.1181651241,-851.633617828,999.1776716127,2480.3079789101,-831.6969825016,-16.6079173541,10.0,-8.047554994930653e-14,1.5622028651257223e-13,1.1813290232894583e-13,-5.0648013861056346e-14,-1.1225221925604342e-28,-7.007263834490365e-14,-7.947695719672259e-14,-3.277547323627688e-29,11.935962466418067,14.142135623730933,4.8280820540475454e-14
0.8540000000000006,2993.765225185692,-1000.9736541954,634.2367244142,3603.1181651241,-851.633617828,999.1776716127,2480.3079789101,-831.6969825016,-16.6079173541,10.0,-8.628434423979102e-14,1.6250474394493076e-13,1.0268303443462229e-13,-5.453613713391472e-14,-1.1367541753833536e-28,-5.6296509514107185e-14,-8.789168171189221e-14,-3.178696770350792e-29,12.077383822655248,14.142135623730933,1.0391491991546355e-13
0.8640000000000007,2993.865225185692,-1000.9736541954,634.2367244142,3603.1181651241,-851.633617828,999.1776716127,2480.3079789101,-831.6969825016,-16.6079173541,10.0,-8.047307084901462e-14,1.5667546291660742e-13,9.717473339525727e-14,-5.402001340352186e-14,-1.149748793778829e-28,-4.6689063669205044e-14,-7.791533093817676e-14,-3.058355420459176e-29,12.218805178892428,14.142135623730933,6.606393470690366e-14
0.8740000000000007,2993.965225185692,-1000.9736541954,634.2367244142,3603.1181651241,-851.633617828,999.1776716127,2480.3079789101,-831.6969825016,-16.6079173541,10.0,-7.925633881709685e-14,1.5646760447131268e-13,9.087265131385316e-14,-5.085947285335586e-14,-1.158894861617294e-28,-3.6368842642989234e-14,-8.014105892194277e-14,-2.830455388619713e-29,12.360226535129609,14.14213562373093,7.852390408239951e-14
0.8840000000000007,2994.065225185692,-1000.9736541954,634.2367244142,3603.1181651241,-851.633617828,999.1776716127,2480.3079789101,-831.6969825016,-16.6079173541,10.0,-7.707544806954592e-14,1.5459508133140666e-13,8.914128642611933e-14,-4.758884285396712e-14,-1.1778031434805574e-28,-3.3503421075077664e-14,-7.610175331870112e-14,-2.831391602164173e-29,12.50164789136679,14.14213562373093,1.0486394892440661e-13
0.8940000000000007,2994.1652251856917,-1000.9736541954,634.2367244142,3603.1181651241,-851.633617828,999.1776716127,2480.3079789101,-831.6969825016,-16.6079173541,10.0,-7.717016678656841e-14,1.5093194692989705e-13,9.92222792116986e-14,-4.703158813292527e-14,-1.1982023726725236e-28,-4.547456066912827e-14,-7.289512506027428e-14,-2.838101619722202e-29,12.64306924760397,14.142135623730933,5.6010898283357514e-14
0.9040000000000007,2994.2652251856916,-1000.9736541954,634.2367244142,3603.1181651241,-851.633617828,999.1776716127,2480.3079789101,-831.6969825016,-16.6079173541,10.0,-7.982268278130368e-14,1.5915260570509063e-13,9.726622600293289e-14,-4.985556794831752e-14,-1.212059757625838e-28,-5.2075088806448166e-14,-7.596626983663385e-14,-2.5646092361890395e-29,12.784490603841151,14.14213562373093,6.891108755194451e-14
0.9140000000000007,2994.3652251856915,-1000.9736541954,634.2367244142,3603.1181651241,-851.633617828,999.1776716127,2480.3079789101,-831.6969825016,-16.6079173541,10.0,-8.866068919741613e-14,1.6068287808406786e-13,9.230380557130771e-14,-4.8842512584701903e-14,-1.229956906128198e-28,-4.505538443583506e-14,-8.817794185708578e-14,-2.490691643692178e-29,12.925911960078333,14.14213562373093,6.953487597428225e-14
0.9240000000000007,2994.4652251856915,-1000.9736541954,634.2367244142,3603.1181651241,-851.633617828,999.1776716127,2480.3079789101,-831.6969825016,-16.6079173541,10.0,-7.450237291931942e-14,1.4671876321835092e-13,9.130164174256044e-14,-4.6262282676780876e-14,-1.2477685207349482e-28,-3.2401866445838326e-14,-7.23540306989753e-14,-2.841875216186e-29,13.067333316315514,14.142135623730933,1.1421595088135118e-13
0.9340000000000007,2994.5652251856914,-1000.9736541954,634.2367244142,3603.1181651241,-851.633617828,999.1776716127,2480.3079789101,-831.6969825016,-16.6079173541,10.0,-7.922404783047906e-14,1.5089009395138554e-13,9.560663237466567e-14,-4.930381097223889e-14,-1.2667790287766588e-28,-3.593942921733713e-14,-7.60009473643339e-14,-2.873523537799448e-29,13.208754672552693,14.14213562373093,3.076492505312926e-14
0.9440000000000007,2994.6652251856913,-1000.9736541954,634.2367244142,3603.1181651241,-851.633617828,999.1776716127,2480.3079789101,-831.6969825016,-16.6079173541,10.0,-8.683771290085316e-14,1.619524322647962e-13,1.0411326631810547e-13,-5.056909461507673e-14,-1.2787494956098353e-28,-4.3443745773150396e-14,-8.61292164856161e-14,-2.690173588682558e-29,13.350176028789875,14.14213562373093,8.067090923886579e-14
0.9540000000000007,2994.765225185691,-1000.9736541954,634.2367244142,3603.1181651241,-851.633617828,999.1776716127,2480.3079789101,-831.6969825016,-16.6079173541,10.0,-9.381779781237705e-14,1.651717397247288e-13,1.1259874335502407e-13,-5.029191620581422e-14,-1.2995136998105702e-28,-5.687573884130953e-14,-9.407937099514375e-14,-2.608797336816462e-29,13.491597385027056,14.142135623730933,1.5003570949080663e-13
0.9640000000000007,2994.865225185691,-1000.9736541954,634.2367244142,3603.1181651241,-851.633617828,999.1776716127,2480.3079789101,-831.6969825016,-16.6079173541,10.0,-1.0480492889932353e-13,1.8181626980760945e-13,1.2140477832329656e-13,-5.45715233391262e-14,-1.3145042966301306e-28,-6.665170799877657e-14,-1.1326357810779774e-13,-2.345955335517015e-29,13.633018741264237,14.14213562373093,3.246135402631916e-14
0.9740000000000008,2994.965225185691,-1000.9736541954,634.2367244142,3603.1181651241,-851.633617828,999.1776716127,2480.3079789101,-831.6969825016,-16.6079173541,10.0,-9.913779798675361e-14,1.7773105697318082e-13,1.2174221674427156e-13,-5.230757222160112e-14,-1.3345759828963512e-28,-6.779187515064852e-14,-1.0329140377788935e-13,-2.4676235366882922e-29,13.774440097501417,14.14213562373093,5.128294446947341e-14
0.9840000000000008,2995.065225185691,-1000.9736541954,634.2367244142,3603.1181651241,-851.633617828,999.1776716127,2480.3079789101,-831.6969825016,-16.6079173541,10.0,-9.678949719883578e-14,1.6913945740236106e-13,1.1510336205192083e-13,-4.829714711206922e-14,-1.3547012920876533e-28,-6.595282017437861e-14,-1.0110260029639423e-13,-2.3205436364008935e-29,13.915861453738598,14.14213562373093,3.617949141782915e-14
0.9940000000000008,2995.165225185691,-1000.9736541954,634.2367244142,3603.1181651241,-851.633617828,999.1776716127,2480.3079789101,-831.6969825016,-16.6079173541,10.0,-1.1122826985743382e-13,1.7573559923052263e-13,1.2553364740467663e-13,-4.9452094077267116e-14,-1.371284670146384e-28,-7.564782712989371e-14,-1.185792883688869e-13,-2.1937224100192182e-29,14.05728280997578,14.14213562373093,1.9978759924379443e-13
1.0040000000000007,2995.2652251856907,-1000.9736541954,634.2367244142,3603.1181651241,-851.633617828,999.1776716127,2480.3079789101,-831.6969825016,-16.6079173541,10.0,-1.1277450128420891e-13,1.7456440219959556e-13,1.298880116354208e-13,-5.57567962051582e-14,-1.3879033596689077e-28,-7.184683520440986e-14,-1.1459652848383013e-13,-1.9225025409498953e-29,14.198704166212961,14.14213562373093,5.62983748396953e-14
