t,x1,y1,z1,x2,y2,z2,x3,y3,z3,x1d,y1d,z1d,x2d,y2d,z2d,x3d,y3d,z3d
0,0,0,0,0,0,0,0,0,0,0,0,0,0,0,0,0,0,0
0.002,2985.2452251857,-1000.9736541954,634.2367244142,3603.1181651241,-851.633617828,999.1776716127,2480.3079789101,-831.6969825016,-16.6079173541,10,1.46641520919399e-15,1.73427534985465e-15,-8.26429240758752e-16,-1.50655214246005e-15,5.62413769252939e-33,1.91900076408171e-15,1.76562647035786e-15,-3.46683385385843e-33
0.004,2985.2652251857,-1000.9736541954,634.2367244142,3603.1181651241,-851.633617828,999.1776716127,2480.3079789101,-831.6969825016,-16.6079173541,10,3.01056697275372e-15,1.22316167858815e-15,-6.05580756859644e-15,-2.11769161455231e-15,1.3380357128642e-32,9.62942934608082e-15,4.28387843568641e-15,2.06464426535805e-33
0.006,2985.2852251857,-1000.9736541954,634.2367244142,3603.1181651241,-851.633617828,999.1776716127,2480.3079789101,-831.6969825016,-16.6079173541,10,2.31290776912166e-15,5.62927769314034e-16,-6.89646398747076e-15,-3.84269906181214e-15,1.26285955106922e-32,1.31830898044258e-14,5.4252565238941e-15,2.65125576067551e-34
0.008,2985.3052251857,-1000.9736541954,634.2367244142,3603.1181651241,-851.633617828,999.1776716127,2480.3079789101,-831.6969825016,-16.6079173541,10,2.86830411521606e-15,1.85142597953258e-16,-7.95839569356077e-15,-5.68626022961037e-15,1.29553497458985e-32,1.71227138489832e-14,8.23889239919356e-15,-5.06997674676196e-33
0.01,2985.3252251857,-1000.9736541954,634.2367244142,3603.1181651241,-851.633617828,999.1776716127,2480.3079789101,-831.6969825016,-16.6079173541,10,-5.54257921158323e-16,4.03577351617386e-15,-6.8012390815063e-15,-4.47752395536553e-15,2.29850351594067e-32,1.31884582446337e-14,1.58699027811597e-16,-5.85343497673993e-32
0.012,2985.3452251857,-1000.9736541954,634.2367244142,3603.1181651241,-851.633617828,999.1776716127,2480.3079789101,-831.6969825016,-16.6079173541,10,-1.23745313139331e-15,4.68790287198081e-15,-3.82138161399295e-15,-3.76595459950714e-15,2.17300791426457e-32,8.65787773895785e-15,-5.344018090645e-16,-5.94349686048351e-32
0.016,2985.3852251857,-1000.9736541954,634.2367244142,3603.1181651241,-851.633617828,999.1776716127,2480.3079789101,-831.6969825016,-16.6079173541,10,-6.05223116855381e-15,7.80533821595762e-15,-9.80319516292055e-15,4.63354705368964e-16,9.03137099101112e-32,1.12073999659523e-14,-1.25104553179729e-14,-3.30292191225306e-33
0.02,2985.4252251857,-1000.9736541954,634.2367244142,3603.1181651241,-851.633617828,999.1776716127,2480.3079789101,-831.6969825016,-16.6079173541,10,-4.73559501749915e-15,1.35495472551991e-15,-1.96974792742206e-14,3.6715203069917e-15,9.90504964257062e-32,1.99629010295265e-14,-1.17312842257739e-14,-7.77165005485391e-32
0.024,2985.4652251857,-1000.9736541954,634.2367244142,3603.1181651241,-851.633617828,999.1776716127,2480.3079789101,-831.6969825016,-16.6079173541,10,-4.52772122547229e-15,9.43322049906992e-16,-2.44381221967506e-14,4.73408879454207e-16,1.17959831441828e-31,2.84598864649341e-14,-8.38632464971246e-15,-1.20642857696595e-31
0.028,2985.5052251857,-1000.9736541954,634.2367244142,3603.1181651241,-851.633617828,999.1776716127,2480.3079789101,-831.6969825016,-16.6079173541,10,-3.10776180556437e-15,1.10806422918936e-15,-3.06287445507157e-14,8.99556628975637e-16,1.04804665467265e-31,3.58615276946189e-14,-9.80474587711807e-15,-1.98942325362699e-31
0.032,2985.5452251857,-1000.9736541954,634.2367244142,3603.1181651241,-851.633617828,999.1776716127,2480.3079789101,-831.6969825016,-16.6079173541,10,-1.1343800595895e-14,1.67508031353186e-15,-2.75048282177196e-14,-1.23707768301482e-15,9.55239268020292e-32,3.37042209925397e-14,-2.06148370500109e-14,-2.45822795636676e-31
0.036,2985.5852251857,-1000.9736541954,634.2367244142,3603.1181651241,-851.633617828,999.1776716127,2480.3079789101,-831.6969825016,-16.6079173541,10,-7.54828362773356e-15,-1.74238908438084e-15,-3.39855871677519e-14,-6.63828744673863e-15,1.01032944333956e-31,4.9051581920925e-14,-9.48533265385168e-15,-3.21053131398078e-31
0.044,2985.6652251857,-1000.9736541954,634.2367244142,3603.1181651241,-851.633617828,999.1776716127,2480.3079789101,-831.6969825016,-16.6079173541,10,-8.69580541035366e-15,-8.37932768397843e-15,-3.25005948944285e-14,1.21651874606075e-15,3.1951733884651e-31,3.99541371186986e-14,-1.53945329800684e-14,3.68332465692369e-32
0.052,2985.7452251857,-1000.9736541954,634.2367244142,3603.1181651241,-851.633617828,999.1776716127,2480.3079789101,-831.6969825016,-16.6079173541,10,-1.276907679874e-14,-8.02551288583537e-15,-4.96264941889915e-14,-4.81590654125327e-15,3.46725915909783e-31,6.67005157429906e-14,-1.625218928454e-14,1.36078986203305e-31
0.06,2985.8252251857,-1000.9736541954,634.2367244142,3603.1181651241,-851.633617828,999.1776716127,2480.3079789101,-831.6969825016,-16.6079173541,10,-1.45813612854368e-14,2.2462069796092e-15,-5.85830483575197e-14,-8.91997269777314e-15,6.49729240499681e-31,7.35696748543072e-14,-2.02909226003675e-14,3.63896579630772e-31
0.068,2985.9052251857,-1000.9736541954,634.2367244142,3603.1181651241,-851.633617828,999.1776716127,2480.3079789101,-831.6969825016,-16.6079173541,10,-2.07091901118107e-14,4.1826987423699e-15,-3.56534540479216e-14,-3.11756439744706e-15,5.12446025494804e-31,4.44890521192775e-14,-3.04214905666271e-14,-1.42653614771599e-30
0.076,2985.9852251857,-1000.9736541954,634.2367244142,3603.1181651241,-851.633617828,999.1776716127,2480.3079789101,-831.6969825016,-16.6079173541,10,-1.80091309873341e-14,-1.01794147644148e-15,-3.64651118667296e-14,-6.07544310827976e-16,6.73687380911338e-31,4.19344058275726e-14,-2.36893812248376e-14,1.00859213307458e-30
0.084,2986.0652251857,-1000.9736541954,634.2367244142,3603.1181651241,-851.633617828,999.1776716127,2480.3079789101,-831.6969825016,-16.6079173541,10,-2.75369834054835e-14,1.10120440571347e-14,-5.18758236489874e-14,-1.46277849939343e-15,7.17403482933377e-31,6.50583592154321e-14,-4.59771677174266e-14,1.32104994517428e-30
0.094,2986.1652251857,-1000.9736541954,634.2367244142,3603.1181651241,-851.633617828,999.1776716127,2480.3079789101,-831.6969825016,-16.6079173541,10,-2.16602656188244e-14,1.30758305700252e-14,-3.00247239616131e-14,4.24689414023464e-15,1.86730829274562e-30,3.92158299113368e-14,-3.73767065420396e-14,-2.84130519430001e-30
0.104,2986.2652251857,-1000.9736541954,634.2367244142,3603.1181651241,-851.633617828,999.1776716127,2480.3079789101,-831.6969825016,-16.6079173541,10,-9.88410797972691e-15,9.93899564834007e-15,-3.91465129906102e-14,3.56443994036178e-15,1.6068909569924e-30,5.17165400652514e-14,-2.6643240135393e-14,-2.68178362088787e-30
0.114,2986.3652251857,-1000.9736541954,634.2367244142,3603.1181651241,-851.633617828,999.1776716127,2480.3079789101,-831.6969825016,-16.6079173541,10,-1.74317833886828e-14,1.21868174390426e-15,-5.67910789633048e-14,1.40211771734126e-14,1.89641390988687e-30,7.02059879120865e-14,-4.80225058702979e-14,-6.53965302457761e-31
0.124,2986.4652251857,-1000.9736541954,634.2367244142,3603.1181651241,-851.633617828,999.1776716127,2480.3079789101,-831.6969825016,-16.6079173541,10,-2.02154501437093e-14,5.1030886174343e-15,-6.87344912575726e-14,1.10138143467146e-14,1.36534286063395e-30,8.282052739611e-14,-5.87803356124443e-14,-1.91441617091903e-30
0.134,2986.5652251857,-1000.9736541954,634.2367244142,3603.1181651241,-851.633617828,999.1776716127,2480.3079789101,-831.6969825016,-16.6079173541,10,-2.11075989757001e-15,6.21740367040418e-16,-7.23071334412437e-14,8.82551510473823e-15,1.07504879606714e-30,9.67108756157374e-14,-3.79850767330689e-14,-3.35475865246681e-30
0.144,2986.6652251857,-1000.9736541954,634.2367244142,3603.1181651241,-851.633617828,999.1776716127,2480.3079789101,-831.6969825016,-16.6079173541,10,-1.22918395204027e-14,9.4432696430492e-15,-8.35165110906643e-14,1.61874055691805e-15,1.57483957846573e-30,1.14780791086185e-13,-4.67167828223007e-14,-6.50025617480137e-30
0.154,2986.7652251857,-1000.9736541954,634.2367244142,3603.1181651241,-851.633617828,999.1776716127,2480.3079789101,-831.6969825016,-16.6079173541,10,-1.08858489762636e-14,2.14936148609424e-14,-8.09680110397135e-14,-3.63955412450577e-15,1.19332403561131e-30,1.12483013145614e-13,-4.36979455215265e-14,-6.58940393863456e-30
0.164,2986.8652251857,-1000.9736541954,634.2367244142,3603.1181651241,-851.633617828,999.1776716127,2480.3079789101,-831.6969825016,-16.6079173541,10,-1.93022087520034e-14,2.76049936567298e-14,-7.78575271124394e-14,-2.25465259183358e-16,8.31741306752788e-31,9.95111703313584e-14,-6.09070316128155e-14,-1.03079699447911e-29
0.174,2986.9652251857,-1000.9736541954,634.2367244142,3603.1181651241,-851.633617828,999.1776716127,2480.3079789101,-831.6969825016,-16.6079173541,10,-2.01121896120926e-14,3.55121005349781e-14,-8.29805180882219e-14,-3.28601510310218e-15,3.65019781110786e-31,1.08534868706249e-13,-6.50249615730416e-14,-1.11866446957751e-29
0.184,2987.0652251857,-1000.9736541954,634.2367244142,3603.1181651241,-851.633617828,999.1776716127,2480.3079789101,-831.6969825016,-16.6079173541,10,-1.69096193631215e-14,2.88329724364796e-14,-8.66534121385979e-14,5.22849028830173e-15,-1.32277443556803e-32,9.28131400216453e-14,-6.35699648396293e-14,-1.20623762598862e-29
0.194,2987.1652251857,-1000.9736541954,634.2367244142,3603.1181651241,-851.633617828,999.1776716127,2480.3079789101,-831.6969825016,-16.6079173541,10,-3.68922189867118e-14,4.06877336596084e-14,-9.00625188206491e-14,5.23261713661716e-15,-1.02990931347554e-31,9.61484894166077e-14,-9.69206420888808e-14,-1.08838205089173e-29
0.204,2987.2652251857,-1000.9736541954,634.2367244142,3603.1181651241,-851.633617828,999.1776716127,2480.3079789101,-831.6969825016,-16.6079173541,10,-4.4809362371792e-14,3.93291965270709e-14,-8.50867765533696e-14,-1.41456387573298e-15,-4.35206378361083e-31,9.97936048083691e-14,-9.39163976781961e-14,-8.43708927436207e-30
0.214,2987.3652251857,-1000.9736541954,634.2367244142,3603.1181651241,-851.633617828,999.1776716127,2480.3079789101,-831.6969825016,-16.6079173541,10,-4.51600242148677e-14,3.95699914333889e-14,-8.80006621031499e-14,-1.29763930794347e-15,-4.3438218836182e-31,1.05056110979265e-13,-9.33681096590317e-14,-8.35947510190054e-30
0.224,2987.4652251857,-1000.9736541954,634.2367244142,3603.1181651241,-851.633617828,999.1776716127,2480.3079789101,-831.6969825016,-16.6079173541,10,-4.37859737308224e-14,3.72643974594528e-14,-9.80495797731809e-14,5.31454806396492e-16,-1.32799060700671e-31,1.21329241009067e-13,-8.91758603656293e-14,-8.24142938171455e-30
0.234,2987.5652251857,-1000.9736541954,634.2367244142,3603.1181651241,-851.633617828,999.1776716127,2480.3079789101,-831.6969825016,-16.6079173541,10,-4.30641857807046e-14,3.32202649583946e-14,-1.04188284986526e-13,-2.038175340574e-15,3.89571311041151e-32,1.34770710960154e-13,-8.60672124023305e-14,-7.09515838822323e-30
0.244,2987.6652251857,-1000.9736541954,634.2367244142,3603.1181651241,-851.633617828,999.1776716127,2480.3079789101,-831.6969825016,-16.6079173541,10,-4.6537112099272e-14,4.18638916929576e-14,-1.14887380037398e-13,1.81253964780267e-15,-6.53093704843951e-31,1.43001242540051e-13,-9.87379304974069e-14,-8.06947993211049e-30
0.254,2987.7652251857,-1000.9736541954,634.2367244142,3603.1181651241,-851.633617828,999.1776716127,2480.3079789101,-831.6969825016,-16.6079173541,10,-4.16684693164908e-14,4.16108479875545e-14,-1.17600938680348e-13,3.61184360144694e-17,-1.36884701740074e-30,1.40756544685926e-13,-8.67416802620046e-14,-9.76172957095679e-30
0.264,2987.8652251857,-1000.9736541954,634.2367244142,3603.1181651241,-851.633617828,999.1776716127,2480.3079789101,-831.6969825016,-16.6079173541,10,-4.32554176105231e-14,3.87307297225274e-14,-1.17726372829419e-13,2.32160172295248e-15,-1.92864801252018e-30,1.35753215124434e-13,-8.66863497234479e-14,-9.39857279155974e-30
0.274,2987.9652251857,-1000.9736541954,634.2367244142,3603.1181651241,-851.633617828,999.1776716127,2480.3079789101,-831.6969825016,-16.6079173541,10,-3.66472584386871e-14,4.64713138236906e-14,-1.20786642999604e-13,-2.91196014013762e-15,-2.695144397409e-30,1.38769893928823e-13,-7.45290460892274e-14,-9.21045267241108e-30
0.284,2988.0652251857,-1000.9736541954,634.2367244142,3603.1181651241,-851.633617828,999.1776716127,2480.3079789101,-831.6969825016,-16.6079173541,10,-5.34373067758731e-14,6.63155101697667e-14,-1.09317657637108e-13,-1.12715821208394e-14,-3.260253959773e-30,1.21394836805797e-13,-9.2971121495101e-14,-1.38850970911461e-29
0.294,2988.1652251857,-1000.9736541954,634.2367244142,3603.1181651241,-851.633617828,999.1776716127,2480.3079789101,-831.6969825016,-16.6079173541,10,-4.16157356087471e-14,6.18119743600756e-14,-1.13738781116477e-13,-6.36647176261962e-15,-3.55169673858231e-30,1.29316754964992e-13,-7.58149127865404e-14,-1.35191727924304e-29
0.304,2988.2652251857,-1000.9736541954,634.2367244142,3603.1181651241,-851.633617828,999.1776716127,2480.3079789101,-831.6969825016,-16.6079173541,10,-4.20364032906706e-14,6.29889766287369e-14,-1.1844509859227e-13,-7.31443753670111e-15,-3.84804259389593e-30,1.42682791582716e-13,-7.51540393909219e-14,-1.27922095794286e-29
0.314,2988.3652251857,-1000.9736541954,634.2367244142,3603.1181651241,-851.633617828,999.1776716127,2480.3079789101,-831.6969825016,-16.6079173541,10,-4.10636857850477e-14,5.95498553388325e-14,-1.2879322888445e-13,-3.45613656105001e-15,-5.40838717200404e-30,1.53847642478385e-13,-8.18726610886082e-14,-1.47829362554409e-29
0.324,2988.4652251857,-1000.9736541954,634.2367244142,3603.1181651241,-851.633617828,999.1776716127,2480.3079789101,-831.6969825016,-16.6079173541,10,-3.20559250585918e-14,6.54291464602524e-14,-1.28502913520209e-13,-1.27076775883845e-15,-7.27956567428613e-30,1.45095620301387e-13,-7.16781158523793e-14,-1.52962440803702e-29
0.334,2988.5652251857,-1000.9736541954,634.2367244142,3603.1181651241,-851.633617828,999.1776716127,2480.3079789101,-831.6969825016,-16.6079173541,10,-3.32637685623235e-14,7.67143754612203e-14,-1.34775387982149e-13,-9.42138901667928e-15,-8.72586085274391e-30,1.5551493835499e-13,-7.26572188735877e-14,-1.58270281345735e-29
0.344,2988.6652251857,-1000.9736541954,634.2367244142,3603.1181651241,-851.633617828,999.1776716127,2480.3079789101,-831.6969825016,-16.6079173541,10,-4.51732882069156e-14,8.01026167994501e-14,-1.36374009644451e-13,-1.37257777228022e-14,-1.03750859154682e-29,1.63232844454455e-13,-8.23535134267938e-14,-1.80869698531385e-29
0.354,2988.7652251857,-1000.9736541954,634.2367244142,3603.1181651241,-851.633617828,999.1776716127,2480.3079789101,-831.6969825016,-16.6079173541,10,-5.61906693086349e-14,9.97774036113207e-14,-1.50814210886012e-13,-1.70323534567047e-14,-1.20131138681449e-29,1.72033541262168e-13,-1.03038367940795e-13,-1.87441132172494e-29
0.364,2988.8652251857,-1000.9736541954,634.2367244142,3603.1181651241,-851.633617828,999.1776716127,2480.3079789101,-831.6969825016,-16.6079173541,10,-6.15415998492142e-14,1.11284768862914e-13,-1.48619934485214e-13,-2.32404379911536e-14,-1.37535951687925e-29,1.75994318600854e-13,-1.14373969761916e-13,-1.78196080756359e-29
0.374,2988.9652251857,-1000.9736541954,634.2367244142,3603.1181651241,-851.633617828,999.1776716127,2480.3079789101,-831.6969825016,-16.6079173541,10,-6.0025253503307e-14,1.16754166855582e-13,-1.45524925968992e-13,-2.55865349103684e-14,-1.50969947775824e-29,1.812187180409e-13,-1.14459867015897e-13,-1.45381003471578e-29
0.384,2989.0652251857,-1000.9736541954,634.2367244142,3603.1181651241,-851.633617828,999.1776716127,2480.3079789101,-831.6969825016,-16.6079173541,10,-5.98102241310685e-14,1.22015905122639e-13,-1.5844599320305e-13,-2.79799769855039e-14,-1.66475596165419e-29,2.08268507508057e-13,-1.16938289655882e-13,-1.3272970910614e-29
0.394,2989.1652251857,-1000.9736541954,634.2367244142,3603.1181651241,-851.633617828,999.1776716127,2480.3079789101,-831.6969825016,-16.6079173541,10,-6.70609028336827e-14,1.29592475408535e-13,-1.71155022100347e-13,-3.03976079794085e-14,-1.96765465373525e-29,2.2718721589387e-13,-1.27145811177671e-13,-1.30312261266045e-29
0.404,2989.2652251857,-1000.9736541954,634.2367244142,3603.1181651241,-851.633617828,999.1776716127,2480.3079789101,-831.6969825016,-16.6079173541,10,-7.06605293496614e-14,1.29161667932866e-13,-1.64517023398117e-13,-3.33228524560923e-14,-2.27035583013099e-29,2.27317046073209e-13,-1.3154883080709e-13,-1.46970583624658e-29
0.414,2989.3652251857,-1000.9736541954,634.2367244142,3603.1181651241,-851.633617828,999.1776716127,2480.3079789101,-831.6969825016,-16.6079173541,10,-7.4157781913013e-14,1.35572717022699e-13,-1.75634179599396e-13,-4.14709317507441e-14,-2.68432748790903e-29,2.51615606191201e-13,-1.30612417886823e-13,-1.52886260983728e-29
0.424,2989.4652251857,-1000.9736541954,634.2367244142,3603.1181651241,-851.633617828,999.1776716127,2480.3079789101,-831.6969825016,-16.6079173541,10,-8.37419516858943e-14,1.42639995497132e-13,-1.75005115406501e-13,-4.47140703473832e-14,-3.09306935714197e-29,2.53922375131684e-13,-1.43186263183416e-13,-1.66097590310987e-29
0.434,2989.5652251857,-1000.9736541954,634.2367244142,3603.1181651241,-851.633617828,999.1776716127,2480.3079789101,-831.6969825016,-16.6079173541,10,-6.79642575703246e-14,1.42583980484172e-13,-1.96794079004114e-13,-5.01141548406605e-14,-3.48743846636737e-29,2.90514568580487e-13,-1.23405639937615e-13,-1.90524223936064e-29
0.444,2989.6652251857,-1000.9736541954,634.2367244142,3603.1181651241,-851.633617828,999.1776716127,2480.3079789101,-831.6969825016,-16.6079173541,10,-6.7450675328623e-14,1.40113385994948e-13,-1.94345032918914e-13,-5.28285567699069e-14,-3.89504040562969e-29,2.85751356351487e-13,-1.15807416405076e-13,-2.10432612006466e-29
0.454,2989.7652251857,-1000.9736541954,634.2367244142,3603.1181651241,-851.633617828,999.1776716127,2480.3079789101,-831.6969825016,-16.6079173541,10,-7.74451868621779e-14,1.53300704591824e-13,-1.76487548289001e-13,-5.6002883819624e-14,-4.25470829800556e-29,2.63352436228133e-13,-1.28538108400232e-13,-2.29221517409376e-29
0.464,2989.8652251857,-1000.9736541954,634.2367244142,3603.1181651241,-851.633617828,999.1776716127,2480.3079789101,-831.6969825016,-16.6079173541,10,-8.57041314449976e-14,1.52217266812219e-13,-1.80377603655402e-13,-6.17457028170653e-14,-4.59406108568748e-29,2.78103459345778e-13,-1.37869655630448e-13,-2.28659619447322e-29
0.474,2989.9652251857,-1000.9736541954,634.2367244142,3603.1181651241,-851.633617828,999.1776716127,2480.3079789101,-831.6969825016,-16.6079173541,10,-8.17454359532637e-14,1.51308073924571e-13,-1.86785652341232e-13,-6.24127524448885e-14,-4.87562681332584e-29,2.84641711257233e-13,-1.3600763499227e-13,-2.32186430156042e-29
0.484,2990.0652251857,-1000.9736541954,634.2367244142,3603.1181651241,-851.633617828,999.1776716127,2480.3079789101,-831.6969825016,-16.6079173541,10,-8.85302158799004e-14,1.51936638773286e-13,-1.91704074851876e-13,-6.37019948052227e-14,-5.09579030323971e-29,2.99825636222193e-13,-1.43940738912062e-13,-2.11830609571505e-29
0.494,2990.1652251857,-1000.9736541954,634.2367244142,3603.1181651241,-851.633617828,999.1776716127,2480.3079789101,-831.6969825016,-16.6079173541,10,-8.53608785582565e-14,1.52936859222879e-13,-1.89555738145839e-13,-6.14076856723342e-14,-5.40990996867908e-29,2.97525161067952e-13,-1.4427472526315e-13,-1.90180906773183e-29
0.504,2990.2652251857,-1000.9736541954,634.2367244142,3603.1181651241,-851.633617828,999.1776716127,2480.3079789101,-831.6969825016,-16.6079173541,10,-8.32838843796428e-14,1.54907051698477e-13,-1.92756736686875e-13,-5.91487239577455e-14,-5.78167498205075e-29,3.01994102515318e-13,-1.47675081085464e-13,-1.75501581799107e-29
0.514,2990.3652251857,-1000.9736541954,634.2367244142,3603.1181651241,-851.633617828,999.1776716127,2480.3079789101,-831.6969825016,-16.6079173541,10,-8.87120810508425e-14,1.46971610172564e-13,-1.99402232576681e-13,-5.19263408653996e-14,-6.14217902781599e-29,3.03497953552171e-13,-1.61348731116442e-13,-1.69511588322585e-29
0.524,2990.4652251857,-1000.9736541954,634.2367244142,3603.1181651241,-851.633617828,999.1776716127,2480.3079789101,-831.6969825016,-16.6079173541,10,-8.47135905489942e-14,1.37947071852221e-13,-2.05544302722411e-13,-5.27637109315349e-14,-6.41264231922725e-29,3.17531144425938e-13,-1.49245008863625e-13,-1.48562242431822e-29
0.534,2990.56522518569,-1000.9736541954,634.2367244142,3603.1181651241,-851.633617828,999.1776716127,2480.3079789101,-831.6969825016,-16.6079173541,10,-7.67306731864801e-14,1.2664390285087e-13,-2.11050919886507e-13,-4.98789748856045e-14,-6.75957875924358e-29,3.25269480470362e-13,-1.36284891547513e-13,-1.83499667059272e-29
0.544,2990.66522518569,-1000.9736541954,634.2367244142,3603.1181651241,-851.633617828,999.1776716127,2480.3079789101,-831.6969825016,-16.6079173541,10,-8.97388834364438e-14,1.28966377309872e-13,-2.09447852916399e-13,-5.48063840229154e-14,-7.08376857620941e-29,3.32076287405438e-13,-1.52229133961696e-13,-1.92676647859989e-29
0.554,2990.76522518569,-1000.9736541954,634.2367244142,3603.1181651241,-851.633617828,999.1776716127,2480.3079789101,-831.6969825016,-16.6079173541,10,-1.02937121029877e-13,1.40872509196451e-13,-2.043728630269e-13,-6.10958152934655e-14,-7.34343241102388e-29,3.35943664548699e-13,-1.63916177817389e-13,-1.63013629943306e-29
0.564,2990.86522518569,-1000.9736541954,634.2367244142,3603.1181651241,-851.633617828,999.1776716127,2480.3079789101,-831.6969825016,-16.6079173541,10,-1.03214897268308e-13,1.38876235653826e-13,-1.97482281527959e-13,-6.03450176441399e-14,-7.6653823724722e-29,3.29604515031403e-13,-1.60225785604217e-13,-1.69123674978834e-29
0.574,2990.96522518569,-1000.9736541954,634.2367244142,3603.1181651241,-851.633617828,999.1776716127,2480.3079789101,-831.6969825016,-16.6079173541,10,-1.02996084798489e-13,1.36688984475358e-13,-1.86091749076238e-13,-5.89426427169057e-14,-8.03390218449705e-29,3.18204671590631e-13,-1.59617809299897e-13,-1.87844808955423e-29
0.584,2991.06522518569,-1000.9736541954,634.2367244142,3603.1181651241,-851.633617828,999.1776716127,2480.3079789101,-831.6969825016,-16.6079173541,10,-1.05612814837304e-13,1.46401740783926e-13,-1.78413961859882e-13,-6.26204663535644e-14,-8.3469225144754e-29,3.11238104688002e-13,-1.6549188653525e-13,-1.92425476736326e-29
0.594,2991.16522518569,-1000.9736541954,634.2367244142,3603.1181651241,-851.633617828,999.1776716127,2480.3079789101,-831.6969825016,-16.6079173541,10,-1.0608038599067e-13,1.5321359586467e-13,-1.64482867805513e-13,-6.98320346547462e-14,-8.60184789003051e-29,3.02604163411934e-13,-1.66788581223127e-13,-1.87391748065324e-29
0.604,2991.26522518569,-1000.9736541954,634.2367244142,3603.1181651241,-851.633617828,999.1776716127,2480.3079789101,-831.6969825016,-16.6079173541,10,-1.12999081028843e-13,1.68978651381882e-13,-1.7237282820904e-13,-7.64030361988857e-14,-8.85163424995076e-29,3.17211010361794e-13,-1.72526433660692e-13,-1.70054139455271e-29
0.614,2991.36522518569,-1000.9736541954,634.2367244142,3603.1181651241,-851.633617828,999.1776716127,2480.3079789101,-831.6969825016,-16.6079173541,10,-1.17834867756216e-13,1.75134478111559e-13,-1.71589079276358e-13,-7.25856147951631e-14,-9.1872936161018e-29,3.05940261704494e-13,-1.86556009647509e-13,-1.41440593237357e-29
0.624,2991.46522518569,-1000.9736541954,634.2367244142,3603.1181651241,-851.633617828,999.1776716127,2480.3079789101,-831.6969825016,-16.6079173541,10,-1.25071602857356e-13,1.74004251755661e-13,-1.82180669426475e-13,-7.69722109431385e-14,-9.42716893568071e-29,3.2838770057244e-13,-1.91115356583264e-13,-1.00100536390302e-29
0.634,2991.56522518569,-1000.9736541954,634.2367244142,3603.1181651241,-851.633617828,999.1776716127,2480.3079789101,-831.6969825016,-16.6079173541,10,-1.19445091090157e-13,1.66517342425797e-13,-1.80799925308418e-13,-8.06814557151306e-14,-9.71905571981585e-29,3.38929188267154e-13,-1.75711664021246e-13,-6.30788151669054e-30
0.644,2991.66522518569,-1000.9736541954,634.2367244142,3603.1181651241,-851.633617828,999.1776716127,2480.3079789101,-831.6969825016,-16.6079173541,10,-1.26454245150556e-13,1.75474719188824e-13,-1.64968376092333e-13,-8.38324487257202e-14,-9.99645036128554e-29,3.2047349995789e-13,-1.83919084172074e-13,-5.10346907103936e-30
0.654,2991.76522518569,-1000.9736541954,634.2367244142,3603.1181651241,-851.633617828,999.1776716127,2480.3079789101,-831.6969825016,-16.6079173541,10,-1.22170913347919e-13,1.62475247170077e-13,-1.6787133144844e-13,-7.57956104306717e-14,-1.02283942739772e-28,3.19224534514747e-13,-1.81714391598708e-13,-2.3468463366016e-30
0.664,2991.86522518569,-1000.9736541954,634.2367244142,3603.1181651241,-851.633617828,999.1776716127,2480.3079789101,-831.6969825016,-16.6079173541,10,-1.19642947924676e-13,1.61748550519266e-13,-1.65827690737808e-13,-7.73688861041194e-14,-1.04820936291684e-28,3.22407949706583e-13,-1.81500149364097e-13,5.4435541608416e-31
0.674,2991.96522518569,-1000.9736541954,634.2367244142,3603.1181651241,-851.633617828,999.1776716127,2480.3079789101,-831.6969825016,-16.6079173541,10,-1.1764250544255e-13,1.59400267259124e-13,-1.5421228325934e-13,-7.4506217164789e-14,-1.074758213394e-28,3.10309024310371e-13,-1.80452967517418e-13,4.72838041353414e-30
0.684,2992.06522518569,-1000.9736541954,634.2367244142,3603.1181651241,-851.633617828,999.1776716127,2480.3079789101,-831.6969825016,-16.6079173541,10,-1.13300179795419e-13,1.53158838762324e-13,-1.62674882097211e-13,-7.09537960686937e-14,-1.09888865144845e-28,3.18070572402412e-13,-1.70387568469943e-13,8.25243712185334e-30
0.694000000000001,2992.16522518569,-1000.9736541954,634.2367244142,3603.1181651241,-851.633617828,999.1776716127,2480.3079789101,-831.6969825016,-16.6079173541,10,-1.18292671238933e-13,1.50046615410576e-13,-1.52425544331681e-13,-7.22119015325048e-14,-1.12617911374062e-28,3.12813198164257e-13,-1.71733387248874e-13,9.15779900080177e-30
0.704000000000001,2992.26522518569,-1000.9736541954,634.2367244142,3603.1181651241,-851.633617828,999.1776716127,2480.3079789101,-831.6969825016,-16.6079173541,10,-1.16015113264419e-13,1.45426508116632e-13,-1.55560551539041e-13,-7.35956699197984e-14,-1.1500545115132e-28,3.22483536828951e-13,-1.66908748629248e-13,1.04936566336562e-29
0.714000000000001,2992.36522518569,-1000.9736541954,634.2367244142,3603.1181651241,-851.633617828,999.1776716127,2480.3079789101,-831.6969825016,-16.6079173541,10,-1.10404577067561e-13,1.31192875932708e-13,-1.40723153779497e-13,-6.75468632258679e-14,-1.17515283897123e-28,3.12709287286252e-13,-1.54768561243699e-13,8.35790284449058e-30
0.724000000000001,2992.46522518569,-1000.9736541954,634.2367244142,3603.1181651241,-851.633617828,999.1776716127,2480.3079789101,-831.6969825016,-16.6079173541,10,-1.06223488624902e-13,1.31581024198055e-13,-1.58697591249827e-13,-6.68550750866828e-14,-1.20132622903371e-28,3.27900896950213e-13,-1.51975578475857e-13,5.86000815310891e-30
0.734000000000001,2992.56522518569,-1000.9736541954,634.2367244142,3603.1181651241,-851.633617828,999.1776716127,2480.3079789101,-831.6969825016,-16.6079173541,10,-1.04810209955607e-13,1.31547097019095e-13,-1.52608596983517e-13,-7.01641204991548e-14,-1.22976138608259e-28,3.28544748612177e-13,-1.47333897800139e-13,2.03521868328657e-30
0.744000000000001,2992.66522518569,-1000.9736541954,634.2367244142,3603.1181651241,-851.633617828,999.1776716127,2480.3079789101,-831.6969825016,-16.6079173541,10,-1.03420551935052e-13,1.30411959324269e-13,-1.51801904615425e-13,-6.9782522940368e-14,-1.2559840769955e-28,3.33277915233312e-13,-1.42943840097334e-13,1.90751114383206e-31
0.754000000000001,2992.76522518569,-1000.9736541954,634.2367244142,3603.1181651241,-851.633617828,999.1776716127,2480.3079789101,-831.6969825016,-16.6079173541,10,-1.04741701051497e-13,1.39670162456072e-13,-1.45231878026854e-13,-7.10654425204532e-14,-1.28222598273935e-28,3.2427359574353e-13,-1.49909115187221e-13,-6.27057758467213e-30
0.764000000000001,2992.86522518569,-1000.9736541954,634.2367244142,3603.1181651241,-851.633617828,999.1776716127,2480.3079789101,-831.6969825016,-16.6079173541,10,-9.38551240541888e-14,1.29482822960312e-13,-1.37701565750118e-13,-6.81617345756944e-14,-1.31427621256385e-28,3.16669382585714e-13,-1.30797776408276e-13,-1.26934547228157e-29
0.774000000000001,2992.96522518569,-1000.9736541954,634.2367244142,3603.1181651241,-851.633617828,999.1776716127,2480.3079789101,-831.6969825016,-16.6079173541,10,-9.45620286634006e-14,1.26537584076835e-13,-1.2994998768976e-13,-6.55753811033646e-14,-1.34442745108038e-28,3.15677315992178e-13,-1.33335046675513e-13,-1.61314455494868e-29
0.784000000000001,2993.06522518569,-1000.9736541954,634.2367244142,3603.1181651241,-851.633617828,999.1776716127,2480.3079789101,-831.6969825016,-16.6079173541,10,-9.21606369341837e-14,1.31513077501898e-13,-1.32425844127433e-13,-6.66259265202304e-14,-1.37557579323813e-28,3.1158634066314e-13,-1.33185912610518e-13,-2.03035792536585e-29
0.794000000000001,2993.16522518569,-1000.9736541954,634.2367244142,3603.1181651241,-851.633617828,999.1776716127,2480.3079789101,-831.6969825016,-16.6079173541,10,-9.49431212321261e-14,1.3140259928601e-13,-1.40011055770845e-13,-6.48027129181974e-14,-1.40655189842903e-28,3.26065766366285e-13,-1.40697557892657e-13,-2.41756072929506e-29
0.804000000000001,2993.26522518569,-1000.9736541954,634.2367244142,3603.1181651241,-851.633617828,999.1776716127,2480.3079789101,-831.6969825016,-16.6079173541,10,-9.34554009269772e-14,1.28333771212247e-13,-1.3240174167024e-13,-6.62028721957285e-14,-1.44172677897891e-28,3.28289620367485e-13,-1.31974191312403e-13,-2.81108498194653e-29
0.814000000000001,2993.36522518569,-1000.9736541954,634.2367244142,3603.1181651241,-851.633617828,999.1776716127,2480.3079789101,-831.6969825016,-16.6079173541,10,-8.149088093474e-14,1.26753965808514e-13,-1.45268897471143e-13,-6.22533330174743e-14,-1.47764566393969e-28,3.31259184985885e-13,-1.2192548068341e-13,-3.38207486452683e-29
0.824000000000001,2993.46522518569,-1000.9736541954,634.2367244142,3603.1181651241,-851.633617828,999.1776716127,2480.3079789101,-831.6969825016,-16.6079173541,10,-7.86542961912307e-14,1.22470399730579e-13,-1.46693942444688e-13,-5.79170971316807e-14,-1.51649674776157e-28,3.29643252642454e-13,-1.20793446988911e-13,-3.84912639072419e-29
0.834000000000001,2993.56522518569,-1000.9736541954,634.2367244142,3603.1181651241,-851.633617828,999.1776716127,2480.3079789101,-831.6969825016,-16.6079173541,10,-7.27313929288795e-14,1.18519651790926e-13,-1.53330197013487e-13,-5.88274658808764e-14,-1.55576800168156e-28,3.3702010074983e-13,-1.05475313025187e-13,-4.51109772632685e-29
0.844000000000001,2993.66522518569,-1000.9736541954,634.2367244142,3603.1181651241,-851.633617828,999.1776716127,2480.3079789101,-831.6969825016,-16.6079173541,10,-6.71379708328283e-14,1.13734142442273e-13,-1.5574787833181e-13,-5.51799953567882e-14,-1.58645273405016e-28,3.33289323788896e-13,-1.01709997316521e-13,-4.74509087264888e-29
0.854000000000001,2993.76522518569,-1000.9736541954,634.2367244142,3603.1181651241,-851.633617828,999.1776716127,2480.3079789101,-831.6969825016,-16.6079173541,10,-6.31790563675603e-14,1.07538713689397e-13,-1.51873033431368e-13,-5.10653620649514e-14,-1.62125683520742e-28,3.26004599751513e-13,-1.01782016955113e-13,-5.19463535873372e-29
0.864000000000001,2993.86522518569,-1000.9736541954,634.2367244142,3603.1181651241,-851.633617828,999.1776716127,2480.3079789101,-831.6969825016,-16.6079173541,10,-5.72687212626834e-14,1.03426332150411e-13,-1.42953690005268e-13,-5.1271721743122e-14,-1.65448370767125e-28,3.13288570953e-13,-9.34427367968169e-14,-5.58641781689323e-29
0.874000000000001,2993.96522518569,-1000.9736541954,634.2367244142,3603.1181651241,-851.633617828,999.1776716127,2480.3079789101,-831.6969825016,-16.6079173541,10,-6.56253516539125e-14,1.05493188513955e-13,-1.34623600698565e-13,-5.66913801078572e-14,-1.68218984185585e-28,3.06138365192198e-13,-9.8261908207435e-14,-5.91039955461548e-29
0.884000000000001,2994.06522518569,-1000.9736541954,634.2367244142,3603.1181651241,-851.633617828,999.1776716127,2480.3079789101,-831.6969825016,-16.6079173541,10,-6.56108943880156e-14,1.08207611352503e-13,-1.27532140667756e-13,-5.25899157675265e-14,-1.70479280055943e-28,2.9597090694845e-13,-1.02040072434097e-13,-6.36913958615992e-29
0.894000000000001,2994.16522518569,-1000.9736541954,634.2367244142,3603.1181651241,-851.633617828,999.1776716127,2480.3079789101,-831.6969825016,-16.6079173541,10,-6.86993633324915e-14,1.1089829323878e-13,-1.23767741633279e-13,-5.23817464372644e-14,-1.72233847684462e-28,2.88824578606702e-13,-1.10712655031192e-13,-6.68819106946446e-29
0.904000000000001,2994.26522518569,-1000.9736541954,634.2367244142,3603.1181651241,-851.633617828,999.1776716127,2480.3079789101,-831.6969825016,-16.6079173541,10,-7.15329152925537e-14,1.14680654751895e-13,-1.2818312573613e-13,-5.05531578321556e-14,-1.74472693766591e-28,2.93152370728453e-13,-1.18476308577127e-13,-6.92921861140615e-29
0.914000000000001,2994.36522518569,-1000.9736541954,634.2367244142,3603.1181651241,-851.633617828,999.1776716127,2480.3079789101,-831.6969825016,-16.6079173541,10,-6.78953177104702e-14,1.10199364542679e-13,-1.21443975666617e-13,-4.79985154147741e-14,-1.76824683801224e-28,2.88985560840718e-13,-1.0835247640851e-13,-7.06643419920572e-29
0.924000000000001,2994.46522518569,-1000.9736541954,634.2367244142,3603.1181651241,-851.633617828,999.1776716127,2480.3079789101,-831.6969825016,-16.6079173541,10,-6.41664588187909e-14,1.10379566570056e-13,-1.26645911869186e-13,-4.63271675015815e-14,-1.79701064277231e-28,2.91532497535577e-13,-1.06722408487437e-13,-7.31617032507486e-29
0.934000000000001,2994.56522518569,-1000.9736541954,634.2367244142,3603.1181651241,-851.633617828,999.1776716127,2480.3079789101,-831.6969825016,-16.6079173541,10,-6.17420358226116e-14,1.06467664535351e-13,-1.34745004034853e-13,-4.25004145815118e-14,-1.82590103072495e-28,3.08870231086023e-13,-1.11838716558699e-13,-7.4972596992089e-29
0.944000000000001,2994.66522518569,-1000.9736541954,634.2367244142,3603.1181651241,-851.633617828,999.1776716127,2480.3079789101,-831.6969825016,-16.6079173541,10,-7.02194576874493e-14,1.12572589152177e-13,-1.46172978090076e-13,-4.24111659436886e-14,-1.85928389841551e-28,3.2801008363164e-13,-1.29654192375877e-13,-7.78788900378494e-29
0.954000000000001,2994.76522518569,-1000.9736541954,634.2367244142,3603.1181651241,-851.633617828,999.1776716127,2480.3079789101,-831.6969825016,-16.6079173541,10,-6.63045526813563e-14,1.1073241049759e-13,-1.54125556051602e-13,-4.17683569390121e-14,-1.89115311052045e-28,3.36293722230878e-13,-1.22329615468719e-13,-7.97348546280418e-29
0.964000000000001,2994.86522518569,-1000.9736541954,634.2367244142,3603.1181651241,-851.633617828,999.1776716127,2480.3079789101,-831.6969825016,-16.6079173541,10,-6.61844980668811e-14,1.15487934718545e-13,-1.58585656251731e-13,-4.22780189719223e-14,-1.92367756006539e-28,3.45118844807074e-13,-1.29173704510745e-13,-8.30452166565004e-29
0.974000000000001,2994.96522518569,-1000.9736541954,634.2367244142,3603.1181651241,-851.633617828,999.1776716127,2480.3079789101,-831.6969825016,-16.6079173541,10,-6.03075076185985e-14,1.04479649724667e-13,-1.58975650515823e-13,-3.63439501920909e-14,-1.96380298963863e-28,3.42768904320231e-13,-1.20090499552862e-13,-8.67378826051285e-29
0.984000000000001,2995.06522518569,-1000.9736541954,634.2367244142,3603.1181651241,-851.633617828,999.1776716127,2480.3079789101,-831.6969825016,-16.6079173541,10,-5.85358580506223e-14,1.04122307078213e-13,-1.62560681958097e-13,-3.01216208793895e-14,-2.0029889875581e-28,3.417870938281e-13,-1.24478264471965e-13,-8.9685186084814e-29
0.994000000000001,2995.16522518569,-1000.9736541954,634.2367244142,3603.1181651241,-851.633617828,999.1776716127,2480.3079789101,-831.6969825016,-16.6079173541,10,-5.98797717084359e-14,9.64906103370218e-14,-1.63612012110907e-13,-2.8063463568934e-14,-2.04215908338797e-28,3.50001071473429e-13,-1.29166688395636e-13,-9.28400826123199e-29
1.004,2995.26522518569,-1000.9736541954,634.2367244142,3603.1181651241,-851.633617828,999.1776716127,2480.3079789101,-831.6969825016,-16.6079173541,10,-6.6052122497584e-14,9.7910423123809e-14,-1.52003534787994e-13,-2.64006754665529e-14,-2.08151205551502e-28,3.3237979275546e-13,-1.38685044542433e-13,-9.63076775753393e-29
