cm_X,cm_Y,cm_Z,t,LF_X,LF_Y,LF_Z,LR_X,LR_Y,LR_Z,MF_X,MF_Y,MF_Z,MR_X,MR_Y,MR_Z,U_X,U_Y,U_Z,MG_X,MG_Y,MG_Z,LG_X,LG_Y,LG_Z,MF_FY,MR_FY,MF_VY,MR_VY
2985.323,-1000.426,634.2662,0.0,2503.842,-808.9939,2.317443,2451.847,-808.9939,1.620216,3640.554,-788.9318,1015.92,3595.643,-791.474,1014.654,2607.896,-672.3291,1381.952,3618.647,-792.0654,999.6125,2478.16,-809.8562,-22.79789,28.43966,-38.80712,-28.25103,-26.82183
2980.398,-1000.543,634.271,0.01,2498.956,-808.9939,2.317201,2446.961,-808.9939,1.620415,3635.691,-789.2135,1015.92,3590.779,-791.7415,1014.654,2603.056,-672.3291,1381.949,3613.782,-792.3405,999.6125,2473.274,-809.8569,-22.79789,28.44632,-38.81869,-28.09057,-26.66604
2975.474,-1000.659,634.2758,0.02,2494.071,-808.9939,2.31696,2442.076,-808.9939,1.620613,3630.828,-789.4936,1015.92,3585.915,-792.0074,1014.654,2598.217,-672.3291,1381.946,3608.919,-792.614,999.6125,2468.388,-809.8576,-22.79789,28.45274,-38.82961,-27.93033,-26.51082
2970.55,-1000.774,634.2806,0.03,2489.187,-808.9939,2.31672,2437.191,-808.9939,1.62081,3625.966,-789.7721,1015.92,3581.052,-792.2717,1014.654,2593.379,-672.3291,1381.942,3604.056,-792.886,999.6125,2463.503,-809.8583,-22.79789,28.45905,-38.84017,-27.77051,-26.35615
2965.628,-1000.889,634.2853,0.04,2484.303,-808.9939,2.316481,2432.308,-808.9939,1.621007,3621.105,-790.0491,1015.92,3576.19,-792.5345,1014.654,2588.54,-672.3291,1381.939,3599.193,-793.1564,999.6125,2458.619,-809.859,-22.79789,28.46594,-38.85248,-27.61119,-26.20192
2960.707,-1001.003,634.2901,0.05,2479.42,-808.9939,2.316243,2427.424,-808.9939,1.621203,3616.244,-790.3244,1015.92,3571.328,-792.7957,1014.653,2583.703,-672.3291,1381.936,3594.331,-793.4252,999.6125,2453.736,-809.8596,-22.79789,28.47219,-38.86303,-27.45245,-26.04806
2955.786,-1001.116,634.2948,0.06,2474.537,-808.9939,2.316006,2422.542,-808.9939,1.621398,3611.383,-790.5981,1015.92,3566.467,-793.0554,1014.653,2578.865,-672.3291,1381.933,3589.47,-793.6924,999.6125,2448.853,-809.8603,-22.79789,28.4782,-38.87308,-27.29431,-25.89433
2950.866,-1001.229,634.2994,0.07,2469.656,-808.9939,2.31577,2417.66,-808.9939,1.621592,3606.524,-790.8703,1015.92,3561.607,-793.3136,1014.653,2574.028,-672.3291,1381.93,3584.609,-793.9581,999.6125,2443.971,-809.861,-22.79789,28.4839,-38.88243,-27.13682,-25.74074
2945.947,-1001.341,634.3041,0.08,2464.774,-808.9939,2.315535,2412.779,-808.9939,1.621785,3601.664,-791.1408,1015.92,3556.747,-793.5703,1014.653,2569.192,-672.3291,1381.927,3579.749,-794.2222,999.6125,2439.09,-809.8617,-22.79789,28.48943,-38.89153,-26.97995,-25.58719
2941.03,-1001.452,634.3087,0.09,2459.894,-808.9939,2.315301,2407.899,-808.9939,1.621978,3596.806,-791.4099,1015.92,3551.888,-793.8254,1014.653,2564.356,-672.3291,1381.924,3574.89,-794.4848,999.6125,2434.21,-809.8623,-22.79789,28.49439,-38.89939,-26.82365,-25.43355
2936.112,-1001.563,634.3132,0.1,2455.014,-808.9939,2.315068,2403.019,-808.9939,1.62217,3591.948,-791.6773,1015.92,3547.029,-794.0789,1014.653,2559.52,-672.3291,1381.92,3570.031,-794.7458,999.6125,2429.33,-809.863,-22.79789,28.49962,-38.90807,-26.66803,-25.27983
2931.196,-1001.672,634.3178,0.11,2450.135,-808.9939,2.314836,2398.14,-808.9939,1.622361,3587.091,-791.9432,1015.92,3542.171,-794.331,1014.653,2554.685,-672.3291,1381.917,3565.173,-795.0052,999.6125,2424.45,-809.8636,-22.79789,28.50491,-38.91711,-26.51285,-25.12598
2926.281,-1001.782,634.3223,0.12,2445.257,-808.9939,2.314604,2393.262,-808.9939,1.622551,3582.234,-792.2076,1015.92,3537.314,-794.5814,1014.653,2549.85,-672.3291,1381.914,3560.316,-795.2632,999.6125,2419.572,-809.8643,-22.79789,28.50966,-38.9248,-26.35816,-24.97192
2921.367,-1001.89,634.3268,0.13,2440.379,-808.9939,2.314374,2388.384,-808.9939,1.622741,3577.379,-792.4704,1015.92,3532.457,-794.8304,1014.653,2545.016,-672.3291,1381.911,3555.459,-795.5195,999.6125,2414.694,-809.8649,-22.79789,28.51461,-38.93321,-26.20384,-24.81774
2916.453,-1001.998,634.3312,0.14,2435.502,-808.9939,2.314145,2383.507,-808.9939,1.62293,3572.523,-792.7317,1015.92,3527.601,-795.0778,1014.653,2540.182,-672.3291,1381.908,3550.603,-795.7744,999.6125,2409.816,-809.8656,-22.79789,28.5195,-38.94161,-26.04983,-24.66345
2911.54,-1002.105,634.3357,0.15,2430.626,-808.9939,2.313916,2378.63,-808.9939,1.623119,3567.669,-792.9914,1015.92,3522.746,-795.3237,1014.653,2535.348,-672.3291,1381.905,3545.747,-796.0277,999.6125,2404.94,-809.8662,-22.79789,28.52444,-38.95014,-25.89605,-24.5092
2906.628,-1002.211,634.3401,0.16,2425.75,-808.9939,2.313689,2373.754,-808.9939,1.623306,3562.815,-793.2496,1015.92,3517.892,-795.568,1014.653,2530.515,-672.3291,1381.902,3540.893,-796.2794,999.6125,2400.064,-809.8669,-22.79789,28.52967,-38.95955,-25.74253,-24.35508
2901.717,-1002.317,634.3444,0.17,2420.875,-808.9939,2.313462,2368.879,-808.9939,1.623493,3557.962,-793.5062,1015.92,3513.038,-795.8108,1014.653,2525.682,-672.3291,1381.899,3536.039,-796.5296,999.6125,2395.188,-809.8675,-22.79789,28.53485,-38.96872,-25.58916,-24.20123
2896.807,-1002.422,634.3488,0.18,2416.0,-808.9939,2.313236,2364.005,-808.9939,1.62368,3553.109,-793.7614,1015.92,3508.185,-796.052,1014.653,2520.849,-672.3291,1381.896,3531.185,-796.7783,999.6125,2390.314,-809.8681,-22.79789,28.54053,-38.97911,-25.43587,-24.048
2891.898,-1002.526,634.3531,0.19,2411.126,-808.9939,2.313012,2359.131,-808.9939,1.623865,3548.258,-794.015,1015.92,3503.332,-796.2917,1014.652,2516.017,-672.3291,1381.893,3526.333,-797.0254,999.6125,2385.439,-809.8688,-22.79789,28.54615,-38.98916,-25.28267,-23.89534
2886.989,-1002.63,634.3573,0.2,2406.253,-808.9939,2.312788,2354.257,-808.9939,1.62405,3543.406,-794.267,1015.92,3498.48,-796.5299,1014.652,2511.185,-672.3291,1381.891,3521.48,-797.271,999.6125,2380.566,-809.8694,-22.79789,28.55257,-39.0013,-25.12946,-23.74321
2882.081,-1002.733,634.3616,0.21,2401.38,-808.9939,2.312565,2349.384,-808.9939,1.624234,3538.556,-794.5175,1015.92,3493.629,-796.7666,1014.652,2506.354,-672.3291,1381.888,3516.629,-797.5151,999.6125,2375.693,-809.87,-22.79789,28.55835,-39.0114,-24.97624,-23.59164
2877.175,-1002.835,634.3658,0.22,2396.508,-808.9939,2.312343,2344.512,-808.9939,1.624417,3533.706,-794.7665,1015.92,3488.778,-797.0018,1014.652,2501.523,-672.3291,1381.885,3511.778,-797.7576,999.6125,2370.82,-809.8706,-22.79789,28.56429,-39.02183,-24.82301,-23.4406
2872.268,-1002.936,634.37,0.23,2391.636,-808.9939,2.312123,2339.641,-808.9939,1.624599,3528.856,-795.014,1015.92,3483.928,-797.2354,1014.652,2496.692,-672.3291,1381.882,3506.928,-797.9986,999.6125,2365.949,-809.8712,-22.79789,28.57028,-39.03221,-24.66979,-23.29007
2867.363,-1003.037,634.3741,0.24,2386.765,-808.9939,2.311903,2334.77,-808.9939,1.624781,3524.008,-795.2599,1015.92,3479.079,-797.4676,1014.652,2491.861,-672.3291,1381.879,3502.078,-798.2382,999.6125,2361.077,-809.8718,-22.79789,28.57625,-39.04242,-24.51665,-23.14013
2862.459,-1003.137,634.3782,0.25,2381.895,-808.9939,2.311684,2329.899,-808.9939,1.624962,3519.159,-795.5043,1015.92,3474.23,-797.6982,1014.652,2487.031,-672.3291,1381.876,3497.229,-798.4761,999.6125,2356.207,-809.8724,-22.79789,28.58224,-39.0526,-24.36362,-22.99076
2857.555,-1003.237,634.3823,0.26,2377.025,-808.9939,2.311466,2325.029,-808.9939,1.625142,3514.311,-795.7472,1015.92,3469.381,-797.9274,1014.652,2482.201,-672.3291,1381.873,3492.38,-798.7126,999.6125,2351.337,-809.873,-22.79789,28.5883,-39.06291,-24.21089,-22.84194
2852.652,-1003.336,634.3864,0.27,2372.156,-808.9939,2.31125,2320.16,-808.9939,1.625321,3509.464,-795.9886,1015.92,3464.533,-798.1551,1014.652,2477.372,-672.3291,1381.871,3487.532,-798.9476,999.6125,2346.467,-809.8736,-22.79789,28.59407,-39.07243,-24.05861,-22.69367
2847.75,-1003.434,634.3904,0.28,2367.287,-808.9939,2.311034,2315.291,-808.9939,1.625499,3504.617,-796.2284,1015.92,3459.686,-798.3813,1014.652,2472.543,-672.3291,1381.868,3482.684,-799.181,999.6125,2341.599,-809.8742,-22.79789,28.60087,-39.08488,-23.90688,-22.54599
2842.848,-1003.532,634.3945,0.29,2362.419,-808.9939,2.31082,2310.423,-808.9939,1.625677,3499.771,-796.4667,1015.92,3454.839,-798.606,1014.652,2467.714,-672.329,1381.865,3477.837,-799.413,999.6125,2336.73,-809.8748,-22.79789,28.60696,-39.09526,-23.75559,-22.39889
2837.948,-1003.628,634.3984,0.3,2357.551,-808.9939,2.310606,2305.556,-808.9939,1.625854,3494.925,-796.7035,1015.92,3449.992,-798.8292,1014.652,2462.885,-672.329,1381.862,3472.991,-799.6435,999.6125,2331.863,-809.8754,-22.79789,28.61293,-39.10526,-23.60477,-22.25235
2833.048,-1003.725,634.4024,0.31,2352.684,-808.9939,2.310394,2300.689,-808.9939,1.626029,3490.08,-796.9388,1015.92,3445.146,-799.051,1014.652,2458.057,-672.329,1381.859,3468.145,-799.8725,999.6125,2326.995,-809.876,-22.79789,28.61893,-39.11537,-23.45438,-22.10638
2828.149,-1003.82,634.4063,0.32,2347.818,-808.9939,2.310182,2295.822,-808.9939,1.626204,3485.235,-797.1726,1015.92,3440.301,-799.2714,1014.651,2453.229,-672.329,1381.857,3463.299,-800.1,999.6125,2322.129,-809.8765,-22.79789,28.62489,-39.12527,-23.30448,-21.96097
2823.25,-1003.915,634.4102,0.33,2342.952,-808.9939,2.309972,2290.957,-808.9939,1.626379,3480.391,-797.4049,1015.92,3435.456,-799.4902,1014.651,2448.402,-672.329,1381.854,3458.454,-800.326,999.6125,2317.263,-809.8771,-22.79789,28.63051,-39.13435,-23.15512,-21.81618
2818.353,-1004.009,634.4141,0.34,2338.087,-808.9939,2.309763,2286.091,-808.9939,1.626552,3475.547,-797.6357,1015.92,3430.612,-799.7077,1014.651,2443.574,-672.329,1381.851,3453.609,-800.5506,999.6125,2312.397,-809.8777,-22.79789,28.63647,-39.14432,-23.00627,-21.67194
2813.456,-1004.103,634.418,0.35,2333.222,-808.9939,2.309554,2281.226,-808.9939,1.626724,3470.704,-797.865,1015.92,3425.768,-799.9237,1014.651,2438.747,-672.3289,1381.849,3448.765,-800.7736,999.6125,2307.532,-809.8782,-22.79789,28.64236,-39.15407,-22.85794,-21.52825
2808.56,-1004.196,634.4218,0.36,2328.358,-808.9939,2.309347,2276.362,-808.9939,1.626896,3465.861,-798.0929,1015.92,3420.924,-800.1383,1014.651,2433.921,-672.3289,1381.846,3443.921,-800.9953,999.6125,2302.668,-809.8788,-22.79789,28.64941,-39.16719,-22.71015,-21.38522
2803.664,-1004.288,634.4256,0.37,2323.494,-808.9939,2.309141,2271.499,-808.9939,1.627067,3461.018,-798.3192,1015.92,3416.081,-800.3514,1014.651,2429.094,-672.3289,1381.843,3439.078,-801.2155,999.6125,2297.804,-809.8794,-22.79789,28.65535,-39.1771,-22.56293,-21.24275
2798.77,-1004.38,634.4293,0.38,2318.631,-808.9939,2.308936,2266.635,-808.9939,1.627237,3456.176,-798.5441,1015.92,3411.238,-800.5631,1014.651,2424.268,-672.3289,1381.841,3434.235,-801.4342,999.6125,2292.941,-809.8799,-22.79789,28.66115,-39.18659,-22.41621,-21.10087
2793.876,-1004.471,634.4331,0.39,2313.768,-808.9939,2.308732,2261.773,-808.9939,1.627406,3451.335,-798.7675,1015.92,3406.396,-800.7734,1014.651,2419.442,-672.3289,1381.838,3429.393,-801.6515,999.6125,2288.078,-809.8805,-22.79789,28.66699,-39.1962,-22.27005,-20.95957
2788.982,-1004.562,634.4368,0.4,2308.906,-808.9939,2.308529,2256.911,-808.9939,1.627574,3446.494,-798.9895,1015.92,3401.555,-800.9823,1014.651,2414.617,-672.3288,1381.835,3424.551,-801.8673,999.6125,2283.216,-809.881,-22.79789,28.67287,-39.20594,-22.12445,-20.81888
2784.09,-1004.652,634.4405,0.41,2304.045,-808.9939,2.308327,2252.049,-808.9939,1.627742,3441.653,-799.21,1015.92,3396.713,-801.1898,1014.651,2409.792,-672.3288,1381.833,3419.709,-802.0817,999.6125,2278.354,-809.8815,-22.79789,28.67875,-39.21567,-21.97941,-20.67873
2779.198,-1004.741,634.4441,0.42,2299.183,-808.9939,2.308126,2247.188,-808.9939,1.627908,3436.813,-799.4291,1015.92,3391.873,-801.3959,1014.651,2404.967,-672.3288,1381.83,3414.868,-802.2947,999.6125,2273.493,-809.8821,-22.79789,28.68407,-39.22407,-21.83498,-20.53916
2774.307,-1004.829,634.4478,0.43,2294.323,-808.9939,2.307926,2242.327,-808.9939,1.628074,3431.973,-799.6467,1015.92,3387.032,-801.6006,1014.651,2400.142,-672.3288,1381.828,3410.028,-802.5063,999.6125,2268.632,-809.8826,-22.79789,28.68984,-39.23355,-21.6911,-20.40018
2769.417,-1004.917,634.4514,0.44,2289.463,-808.9939,2.307728,2237.467,-808.9939,1.628239,3427.133,-799.8629,1015.92,3382.192,-801.8039,1014.65,2395.318,-672.3288,1381.825,3405.188,-802.7165,999.6125,2263.771,-809.8831,-22.79789,28.69679,-39.24647,-21.54779,-20.26177
2764.527,-1005.005,634.455,0.45,2284.603,-808.9939,2.30753,2232.608,-808.9939,1.628403,3422.294,-800.0777,1015.92,3377.353,-802.0058,1014.65,2390.493,-672.3288,1381.823,3400.348,-802.9252,999.6125,2258.912,-809.8837,-22.79789,28.70261,-39.2561,-21.40506,-20.12399
2759.638,-1005.092,634.4585,0.46,2279.744,-808.9939,2.307333,2227.749,-808.9939,1.628566,3417.456,-800.291,1015.92,3372.514,-802.2064,1014.65,2385.669,-672.3288,1381.82,3395.508,-803.1325,999.6125,2254.052,-809.8842,-22.79789,28.70836,-39.26556,-21.26289,-19.98677
2754.75,-1005.178,634.4621,0.47,2274.885,-808.9939,2.307138,2222.89,-808.9939,1.628728,3412.618,-800.503,1015.92,3367.675,-802.4056,1014.65,2380.846,-672.3287,1381.818,3390.67,-803.3385,999.6125,2249.194,-809.8847,-22.79789,28.71396,-39.2746,-21.1213,-19.85016
2749.862,-1005.263,634.4656,0.48,2270.027,-808.9939,2.306943,2218.032,-808.9939,1.628889,3407.78,-800.7135,1015.92,3362.837,-802.6034,1014.65,2376.022,-672.3287,1381.815,3385.831,-803.5431,999.6125,2244.335,-809.8852,-22.79789,28.71974,-39.28418,-20.98029,-19.71411
2744.975,-1005.348,634.4691,0.49,2265.17,-808.9939,2.30675,2213.174,-808.9939,1.62905,3402.943,-800.9226,1015.921,3357.999,-802.7998,1014.65,2371.199,-672.3287,1381.813,3380.993,-803.7462,999.6125,2239.478,-809.8858,-22.79789,28.72541,-39.29345,-20.83984,-19.57867
2740.089,-1005.433,634.4725,0.5,2260.313,-808.9939,2.306558,2208.317,-808.9939,1.62921,3398.106,-801.1303,1015.921,3353.161,-802.9949,1014.65,2366.376,-672.3287,1381.81,3376.155,-803.948,999.6125,2234.62,-809.8863,-22.79789,28.73066,-39.30176,-20.69997,-19.44379
2735.203,-1005.516,634.4759,0.51,2255.456,-808.9939,2.306366,2203.46,-808.9939,1.629369,3393.269,-801.3366,1015.921,3348.324,-803.1887,1014.65,2361.554,-672.3287,1381.808,3371.318,-804.1484,999.6125,2229.763,-809.8868,-22.79789,28.73634,-39.31112,-20.56071,-19.30951
2730.318,-1005.6,634.4794,0.52,2250.6,-808.9939,2.306176,2198.604,-808.9939,1.629527,3388.433,-801.5415,1015.921,3343.488,-803.3811,1014.65,2356.731,-672.3287,1381.805,3366.481,-804.3475,999.6125,2224.907,-809.8873,-22.79789,28.74209,-39.32071,-20.42203,-19.17581
2725.434,-1005.682,634.4827,0.53,2245.744,-808.9939,2.305987,2193.748,-808.9939,1.629684,3383.597,-801.745,1015.921,3338.651,-803.5722,1014.65,2351.909,-672.3288,1381.803,3361.645,-804.5452,999.6125,2220.051,-809.8878,-22.79789,28.74887,-39.33327,-20.2839,-19.04278
2720.55,-1005.764,634.4861,0.54,2240.889,-808.9939,2.305799,2188.893,-808.9939,1.62984,3378.762,-801.9472,1015.921,3333.815,-803.762,1014.65,2347.087,-672.3288,1381.801,3356.809,-804.7415,999.6125,2215.196,-809.8883,-22.79789,28.75444,-39.34233,-20.14635,-18.91036
2715.667,-1005.846,634.4894,0.55,2236.034,-808.9939,2.305612,2184.038,-808.9939,1.629996,3373.927,-802.1479,1015.921,3328.98,-803.9504,1014.65,2342.265,-672.3288,1381.798,3351.973,-804.9365,999.6125,2210.341,-809.8888,-22.79789,28.76007,-39.35157,-20.00939,-18.77859
2710.785,-1005.926,634.4927,0.56,2231.179,-808.9939,2.305426,2179.184,-808.9939,1.63015,3369.092,-802.3473,1015.921,3324.145,-804.1376,1014.649,2337.444,-672.3288,1381.796,3347.138,-805.1301,999.6125,2205.486,-809.8893,-22.79789,28.7657,-39.36086,-19.87305,-18.64742
2705.903,-1006.007,634.496,0.57,2226.326,-808.9939,2.305241,2174.33,-808.9939,1.630304,3364.258,-802.5454,1015.921,3319.31,-804.3234,1014.649,2332.623,-672.3289,1381.794,3342.303,-805.3224,999.6125,2200.632,-809.8897,-22.79789,28.7713,-39.37,-19.73722,-18.51692
2701.022,-1006.086,634.4992,0.58,2221.472,-808.9939,2.305057,2169.476,-808.9939,1.630457,3359.424,-802.7421,1015.921,3314.476,-804.5079,1014.649,2327.802,-672.329,1381.791,3337.468,-805.5134,999.6125,2195.778,-809.8902,-22.79789,28.77692,-39.37918,-19.60201,-18.38706
2696.141,-1006.165,634.5025,0.59,2216.619,-808.9939,2.304874,2164.623,-808.9939,1.630609,3354.591,-802.9374,1015.921,3309.642,-804.6911,1014.649,2322.981,-672.329,1381.789,3332.634,-805.7031,999.6125,2190.925,-809.8907,-22.79789,28.78205,-39.38704,-19.46742,-18.25786
2691.262,-1006.244,634.5057,0.6,2211.766,-808.9939,2.304693,2159.771,-808.9939,1.63076,3349.757,-803.1314,1015.921,3304.808,-804.8731,1014.649,2318.16,-672.3291,1381.787,3327.8,-805.8914,999.6125,2186.073,-809.8912,-22.79789,28.78771,-39.39625,-19.33342,-18.12933
2686.382,-1006.322,634.5088,0.61,2206.914,-808.9939,2.304512,2154.919,-808.9939,1.630911,3344.925,-803.3241,1015.921,3299.975,-805.0537,1014.649,2313.34,-672.3291,1381.784,3322.966,-806.0784,999.6125,2181.22,-809.8916,-22.79789,28.79467,-39.40919,-19.19999,-18.00151
2681.508,-1006.399,634.512,0.62,2202.067,-808.9939,2.304341,2150.071,-808.9934,1.631051,3340.096,-803.5153,1015.921,3295.146,-805.233,1014.649,2308.523,-672.3291,1381.782,3318.137,-806.264,999.6125,2176.373,-809.8919,-22.79789,28.6201,-38.87933,-19.0673,-17.87457
2676.63,-1006.472,634.5139,0.63,2197.229,-808.9939,2.30445,2145.233,-808.9769,1.630924,3335.264,-803.7053,1015.921,3290.313,-805.4111,1014.649,2303.704,-672.3291,1381.781,3313.304,-806.4483,999.6125,2171.535,-809.8839,-22.79789,28.22537,-37.67478,-18.93577,-17.74884
2671.751,-1006.539,634.5137,0.64,2192.414,-808.9939,2.305042,2140.418,-808.9328,1.630332,3330.431,-803.894,1015.921,3285.48,-805.5879,1014.649,2298.885,-672.329,1381.78,3308.471,-806.6312,999.6125,2166.719,-809.862,-22.79789,28.26574,-37.76932,-18.8064,-17.62536
2666.873,-1006.6,634.5115,0.65,2187.62,-808.9939,2.306104,2135.624,-808.8619,1.629288,3325.599,-804.0814,1015.921,3280.647,-805.7636,1014.649,2294.067,-672.329,1381.781,3303.638,-806.8127,999.6125,2161.925,-809.8263,-22.79789,28.29927,-37.84838,-18.67909,-17.50402
2661.994,-1006.654,634.5072,0.66,2182.847,-808.9939,2.307628,2130.852,-808.7643,1.627801,3320.765,-804.2676,1015.921,3275.813,-805.938,1014.649,2289.248,-672.329,1381.782,3298.804,-806.9928,999.6125,2157.152,-809.7771,-22.79789,28.3286,-37.91968,-18.55383,-17.38478
2657.113,-1006.703,634.501,0.67,2178.094,-808.9939,2.309606,2126.099,-808.6405,1.625877,3315.93,-804.4525,1015.921,3270.978,-806.1113,1014.649,2284.429,-672.329,1381.785,3293.968,-807.1716,999.6125,2152.399,-809.7146,-22.79789,28.35331,-37.98223,-18.43056,-17.26764
2652.232,-1006.745,634.4926,0.68,2173.36,-808.9939,2.312028,2121.367,-808.4908,1.623528,3311.094,-804.6362,1015.922,3266.141,-806.2834,1014.649,2279.609,-672.329,1381.789,3289.131,-807.349,999.6125,2147.666,-809.6388,-22.79789,28.37467,-38.03917,-18.30934,-17.1526
2647.348,-1006.781,634.4823,0.69,2168.645,-808.9939,2.314886,2116.654,-808.3155,1.620762,3306.256,-804.8187,1015.922,3261.302,-806.4543,1014.649,2274.788,-672.329,1381.794,3284.292,-807.5251,999.6125,2142.952,-809.55,-22.79789,28.39242,-38.08976,-18.19005,-17.03965
2642.462,-1006.81,634.4699,0.7,2163.948,-808.9939,2.318168,2111.96,-808.1149,1.617589,3301.415,-805.0,1015.922,3256.461,-806.6242,1014.649,2269.965,-672.3291,1381.799,3279.451,-807.6999,999.6125,2138.256,-809.4483,-22.79789,28.4085,-38.13971,-18.07272,-16.92882
2637.573,-1006.834,634.4555,0.71,2159.268,-808.9939,2.321863,2107.285,-807.8892,1.614021,3296.571,-805.1802,1015.922,3251.617,-806.7929,1014.649,2265.14,-672.3291,1381.806,3274.607,-807.8734,999.6125,2133.578,-809.3338,-22.79789,28.41914,-38.17812,-17.95728,-16.82016
2632.681,-1006.851,634.439,0.72,2154.605,-808.9939,2.32596,2102.628,-807.6387,1.61007,3291.725,-805.3592,1015.923,3246.77,-806.9606,1014.649,2260.312,-672.3291,1381.814,3269.759,-808.0457,999.6125,2128.917,-809.2067,-22.79789,28.42665,-38.21156,-17.8438,-16.71364
2627.786,-1006.861,634.4204,0.73,2149.957,-808.9933,2.330436,2097.988,-807.3637,1.605758,3286.874,-805.5371,1015.923,3241.919,-807.1272,1014.649,2255.482,-672.3291,1381.823,3264.908,-808.2167,999.6125,2124.273,-809.0667,-22.79789,28.27067,-37.76167,-17.73208,-16.60906
2622.888,-1006.862,634.3987,0.74,2145.314,-808.9774,2.33504,2093.355,-807.0636,1.601344,3282.021,-805.7138,1015.923,3237.066,-807.2927,1014.649,2250.651,-672.3291,1381.834,3260.055,-808.3863,999.6125,2119.634,-808.9062,-22.79789,27.88475,-36.6187,-17.62166,-16.5061
2617.984,-1006.851,634.3732,0.75,2140.665,-808.9358,2.339598,2088.717,-806.7378,1.59701,3277.163,-805.8894,1015.924,3232.207,-807.4573,1014.649,2245.816,-672.3291,1381.848,3255.196,-808.5547,999.6125,2114.991,-808.7195,-22.79789,27.91151,-36.70898,-17.5142,-16.40611
2613.075,-1006.829,634.344,0.76,2136.012,-808.8686,2.344109,2084.077,-806.3863,1.592756,3272.299,-806.0641,1015.924,3227.343,-807.6209,1014.649,2240.977,-672.3291,1381.864,3250.332,-808.7217,999.6125,2110.344,-808.5066,-22.79789,27.92915,-36.7796,-17.40969,-16.30849
2608.16,-1006.794,634.311,0.77,2131.353,-808.7758,2.348563,2079.433,-806.0088,1.58859,3267.43,-806.2377,1015.925,3222.474,-807.7835,1014.649,2236.135,-672.3291,1381.882,3245.462,-808.8875,999.6125,2105.692,-808.2676,-22.79789,27.94224,-36.84441,-17.30801,-16.21326
2603.239,-1006.748,634.2743,0.78,2126.688,-808.6573,2.352955,2074.784,-805.6053,1.584519,3262.554,-806.4102,1015.925,3217.597,-807.9451,1014.649,2231.288,-672.3291,1381.904,3240.585,-809.052,999.6125,2101.034,-808.0022,-22.79789,27.95334,-36.91089,-17.20914,-16.12046
2598.31,-1006.689,634.2337,0.79,2122.017,-808.513,2.357276,2070.13,-805.1756,1.58055,3257.671,-806.5818,1015.926,3212.714,-808.1059,1014.649,2226.436,-672.3291,1381.927,3235.702,-809.2152,999.6125,2096.371,-807.7103,-22.79789,27.95734,-36.9641,-17.11304,-16.03014
2593.373,-1006.619,634.1893,0.8,2117.338,-808.3426,2.36152,2065.47,-804.7195,1.576689,3252.781,-806.7525,1015.926,3207.823,-808.2658,1014.649,2221.577,-672.3291,1381.953,3230.811,-809.3772,999.6125,2091.702,-807.3917,-22.79789,27.95689,-37.01187,-17.01974,-15.94226
2588.427,-1006.536,634.141,0.81,2112.651,-808.1461,2.365678,2060.805,-804.2368,1.572945,3247.882,-806.9222,1015.927,3202.924,-808.4247,1014.649,2216.712,-672.3291,1381.982,3225.911,-809.538,999.6125,2087.025,-807.0462,-22.79789,27.95157,-37.05303,-16.92917,-15.85681
2583.473,-1006.441,634.0888,0.82,2107.956,-807.9232,2.369744,2056.132,-803.7273,1.569325,3242.974,-807.0911,1015.928,3198.015,-808.5829,1014.65,2211.84,-672.3291,1382.013,3221.002,-809.6977,999.6125,2082.341,-806.6737,-22.79789,27.9417,-37.0884,-16.84131,-15.77376
2578.508,-1006.334,634.0327,0.83,2103.251,-807.6738,2.373708,2051.451,-803.1907,1.565835,3238.056,-807.2591,1015.929,3193.097,-808.7402,1014.65,2206.96,-672.3292,1382.047,3216.084,-809.8562,999.6125,2077.648,-806.2739,-22.79789,27.92614,-37.11543,-16.75631,-15.69313
2573.532,-1006.214,633.9727,0.84,2098.537,-807.3976,2.377564,2046.763,-802.6268,1.562483,3233.127,-807.4262,1015.929,3188.168,-808.8968,1014.65,2202.07,-672.3292,1382.084,3211.155,-810.0136,999.6125,2072.946,-805.8465,-22.79789,27.90697,-37.13902,-16.67396,-15.61491
2568.545,-1006.082,633.9086,0.85,2093.812,-807.0944,2.381302,2042.065,-802.0353,1.559277,3228.187,-807.5926,1015.93,3183.228,-809.0525,1014.65,2197.172,-672.3292,1382.123,3206.214,-810.1698,999.6125,2068.234,-805.3914,-22.79789,27.88534,-37.16288,-16.59371,-15.53922
2563.545,-1005.938,633.8405,0.86,2089.076,-806.7639,2.384915,2037.359,-801.416,1.556225,3223.235,-807.7581,1015.931,3178.276,-809.2076,1014.651,2192.263,-672.3293,1382.164,3201.262,-810.325,999.6125,2063.512,-804.9082,-22.79789,27.85821,-37.17839,-16.51551,-15.46601
2558.533,-1005.78,633.7683,0.87,2084.329,-806.406,2.388395,2032.642,-800.7684,1.553333,3218.271,-807.9229,1015.932,3173.311,-809.3619,1014.651,2187.344,-672.3294,1382.208,3196.297,-810.4792,999.6125,2058.78,-804.3966,-22.79789,27.82545,-37.18501,-16.43937,-15.39521
2553.507,-1005.61,633.692,0.88,2079.568,-806.0202,2.391732,2027.914,-800.0924,1.550611,3213.293,-808.0869,1015.933,3168.333,-809.5155,1014.651,2182.413,-672.3294,1382.255,3191.318,-810.6323,999.6125,2054.036,-803.8564,-22.79789,27.78782,-37.18522,-16.36533,-15.32676
2548.467,-1005.427,633.6115,0.89,2074.795,-805.6064,2.394917,2023.176,-799.3875,1.548066,3208.301,-808.2502,1015.934,3163.34,-809.6684,1014.652,2177.469,-672.3295,1382.304,3186.326,-810.7843,999.6125,2049.279,-803.2872,-22.79789,27.74478,-37.17782,-16.29346,-15.26064
2543.412,-1005.23,633.5268,0.9,2070.009,-805.1641,2.397942,2018.425,-798.6534,1.545707,3203.294,-808.4128,1015.935,3158.333,-809.8207,1014.652,2172.513,-672.3295,1382.355,3181.318,-810.9354,999.6125,2044.51,-802.6887,-22.79789,27.69972,-37.17207,-16.22373,-15.19682
2538.341,-1005.02,633.4378,0.91,2065.208,-804.6931,2.400798,2013.662,-797.8897,1.543541,3198.271,-808.5747,1015.936,3153.31,-809.9724,1014.653,2167.543,-672.3295,1382.41,3176.295,-811.0854,999.6125,2039.728,-802.0604,-22.79789,27.64762,-37.15375,-16.1561,-15.13546
2533.254,-1004.797,633.3444,0.92,2060.392,-804.1929,2.403473,2008.886,-797.0961,1.541577,3193.232,-808.7359,1015.938,3148.271,-810.1234,1014.653,2162.559,-672.3295,1382.466,3171.256,-811.2345,999.6125,2034.932,-801.4021,-22.79789,27.59059,-37.12908,-16.09057,-15.07631
2528.15,-1004.56,633.2467,0.93,2055.561,-803.6633,2.40596,2004.096,-796.2721,1.539825,3188.176,-808.8965,1015.939,3143.215,-810.2739,1014.653,2157.56,-672.3294,1382.526,3166.2,-811.3827,999.6125,2030.121,-800.7133,-22.79789,27.52868,-37.09842,-16.02712,-15.0194
2523.028,-1004.309,633.1444,0.94,2050.713,-803.1037,2.408247,1999.292,-795.4172,1.538293,3183.103,-809.0565,1015.94,3138.141,-810.4238,1014.654,2152.546,-672.3293,1382.588,3161.125,-811.5299,999.6125,2025.295,-799.9936,-22.79789,27.45883,-37.05327,-15.96587,-14.96462
2517.887,-1004.045,633.0377,0.95,2045.849,-802.5139,2.410324,1994.473,-794.5311,1.53699,3178.01,-809.2158,1015.942,3133.048,-810.5732,1014.654,2147.515,-672.3291,1382.652,3156.033,-811.6762,999.6125,2020.453,-799.2425,-22.79789,27.38919,-37.0166,-15.90674,-14.91207
2512.728,-1003.766,632.9263,0.96,2040.968,-801.8933,2.412181,1989.639,-793.6132,1.535926,3172.899,-809.3746,1015.943,3127.937,-810.7221,1014.655,2142.466,-672.329,1382.719,3150.921,-811.8215,999.6125,2015.595,-798.4596,-22.79789,27.31194,-36.96676,-15.8497,-14.86174
2507.548,-1003.472,632.8103,0.97,2036.068,-801.2415,2.413805,1984.788,-792.6631,1.535111,3167.768,-809.5328,1015.945,3122.805,-810.8704,1014.655,2137.4,-672.329,1382.789,3145.789,-811.966,999.6125,2010.719,-797.6444,-22.79789,27.22909,-36.91322,-15.7948,-14.81363
2502.347,-1003.164,632.6893,0.98,2031.15,-800.558,2.415185,1979.921,-791.6802,1.534556,3162.615,-809.6905,1015.946,3117.653,-811.0183,1014.656,2132.315,-672.3294,1382.861,3140.637,-812.1096,999.6125,2005.826,-796.7964,-22.79789,27.14371,-36.84954,-15.74196,-14.7674
2497.126,-1002.841,632.5637,0.99,2026.212,-799.8423,2.416311,1975.036,-790.664,1.534267,3157.442,-809.8477,1015.948,3112.479,-811.1658,1014.656,2127.211,-672.329,1382.936,3135.463,-812.2524,999.6125,2000.915,-795.9151,-22.79789,27.05071,-36.78014,-15.69091,-14.72302
2491.886,-1002.503,632.4332,1.0,2021.258,-799.0945,2.417168,1970.137,-789.6147,1.534259,3152.25,-810.0042,1015.95,3107.286,-811.3127,1014.657,2122.091,-672.3293,1383.013,3130.27,-812.3942,999.6125,1995.989,-795.0006,-22.79789,26.94187,-36.71327,-15.64276,-14.6816
2486.619,-1002.149,632.298,1.01,2016.281,-798.313,2.417754,1965.217,-788.5304,1.534531,3147.031,-810.1604,1015.951,3102.067,-811.4593,1014.657,2116.946,-672.3268,1383.092,3125.051,-812.5353,999.6125,1991.039,-794.0511,-22.79789,26.93587,-36.59089,-15.59203,-14.63792
2481.329,-1001.775,632.1637,1.02,2011.287,-797.4985,2.418153,1960.282,-787.412,1.53496,3141.791,-810.3161,1015.953,3096.827,-811.6054,1014.658,2111.79,-672.2871,1383.171,3119.811,-812.676,999.6125,1986.075,-793.0683,-22.79789,26.79546,-36.23763,-15.53464,-14.58778
2476.017,-1001.379,632.0328,1.03,2006.278,-796.651,2.418409,1955.335,-786.2599,1.53549,3136.532,-810.4711,1015.955,3091.568,-811.7511,1014.658,2106.627,-672.1965,1383.247,3114.552,-812.8165,999.6125,1981.097,-792.0524,-22.79789,26.63746,-35.87729,-15.47463,-14.53555
2470.684,-1000.961,631.9049,1.04,2001.257,-795.7702,2.418527,1950.376,-785.0738,1.536119,3131.255,-810.6255,1015.956,3086.291,-811.8962,1014.659,2101.456,-672.0554,1383.32,3109.274,-812.9566,999.6125,1976.106,-791.0033,-22.79789,26.48335,-35.52135,-15.41261,-14.48148
2465.329,-1000.521,631.7802,1.05,1996.222,-794.856,2.418516,1945.407,-783.8535,1.53684,3125.96,-810.7794,1015.958,3080.995,-812.0407,1014.659,2096.279,-671.864,1383.392,3103.978,-813.0964,999.6125,1971.104,-789.9208,-22.79789,26.33193,-35.16918,-15.34867,-14.42554
2459.955,-1000.058,631.6586,1.06,1991.176,-793.9082,2.418382,1940.428,-782.5989,1.537647,3120.647,-810.9325,1015.959,3075.682,-812.1847,1014.66,2091.097,-671.6216,1383.461,3098.666,-813.2358,999.6125,1966.092,-788.8048,-22.79789,26.18525,-34.8226,-15.28287,-14.36801
2454.562,-999.573,631.5402,1.07,1986.119,-792.9266,2.418136,1935.44,-781.3099,1.538531,3115.318,-811.085,1015.961,3070.353,-812.328,1014.66,2085.911,-671.328,1383.527,3093.336,-813.3749,999.6125,1961.069,-787.6551,-22.79789,26.0417,-34.48473,-15.2152,-14.30886
2449.15,-999.0654,631.425,1.08,1981.051,-791.9111,2.417784,1930.445,-779.9865,1.539488,3109.973,-811.2368,1015.962,3065.008,-812.4708,1014.661,2080.721,-670.9829,1383.592,3087.991,-813.5136,999.6125,1956.037,-786.4716,-22.79789,25.90107,-34.15185,-15.14594,-14.24817
2443.721,-998.5353,631.3131,1.09,1975.974,-790.8615,2.417334,1925.441,-778.6284,1.540509,3104.613,-811.3879,1015.964,3059.648,-812.613,1014.661,2075.528,-670.5864,1383.654,3082.631,-813.652,999.6125,1950.997,-785.2541,-22.79789,25.76387,-33.82176,-15.07519,-14.18624
2438.275,-997.9824,631.2043,1.1,1970.889,-789.7777,2.416794,1920.432,-777.2357,1.54159,3099.239,-811.5383,1015.965,3054.274,-812.7546,1014.661,2070.334,-670.1384,1383.714,3077.257,-813.7899,999.6125,1945.949,-784.0027,-22.79789,25.63295,-33.50669,-15.00289,-14.12303
2432.812,-997.4069,631.0988,1.11,1965.796,-788.6595,2.416171,1915.416,-775.8083,1.542723,3093.852,-811.688,1015.966,3048.886,-812.8955,1014.662,2065.138,-669.6387,1383.772,3071.868,-813.9274,999.6125,1940.895,-782.7171,-22.79789,25.50506,-33.19587,-14.9293,-14.05853
2427.334,-996.8085,630.9966,1.12,1960.696,-787.507,2.415474,1910.396,-774.3461,1.543903,3088.451,-811.8369,1015.967,3043.485,-813.0357,1014.662,2059.942,-669.0872,1383.828,3066.467,-814.0645,999.6125,1935.834,-781.3973,-22.79789,25.38556,-32.90254,-14.85445,-13.99316
2421.842,-996.1873,630.8976,1.13,1955.589,-786.3199,2.41471,1905.372,-772.849,1.545121,3083.038,-811.9851,1015.969,3038.071,-813.1753,1014.663,2054.746,-668.484,1383.881,3061.054,-814.2012,999.6125,1930.769,-780.0432,-22.79789,25.26231,-32.59448,-14.77829,-13.92675
2416.336,-995.5431,630.8018,1.14,1950.477,-785.0983,2.413887,1900.344,-771.3171,1.546372,3077.613,-812.1325,1015.97,3032.646,-813.3143,1014.663,2049.552,-667.8288,1383.933,3055.629,-814.3374,999.6125,1925.699,-778.6548,-22.79789,25.14966,-32.31278,-14.70124,-13.85936
2410.816,-994.876,630.7093,1.15,1945.361,-783.842,2.413012,1895.314,-769.7503,1.54765,3072.177,-812.2791,1015.971,3027.21,-813.4525,1014.663,2044.36,-667.1217,1383.982,3050.193,-814.4731,999.6125,1920.625,-777.2321,-22.79789,25.03368,-32.01409,-14.62307,-13.79149
2405.284,-994.1859,630.6201,1.16,1940.241,-782.551,2.412094,1890.282,-768.1487,1.548947,3066.731,-812.4249,1015.972,3021.764,-813.5901,1014.664,2039.171,-666.3627,1384.03,3044.746,-814.6084,999.6125,1915.549,-775.775,-22.79789,24.92644,-31.73763,-14.544,-13.72282
2399.74,-993.4728,630.5342,1.17,1935.117,-781.2252,2.411139,1885.249,-766.5122,1.550258,3061.275,-812.57,1015.973,3016.308,-813.727,1014.664,2033.986,-665.5517,1384.075,3039.29,-814.7433,999.6125,1910.471,-774.2835,-22.79789,24.82786,-31.48042,-14.46419,-13.65365
2394.186,-992.7367,630.4515,1.18,1929.991,-779.8647,2.410156,1880.216,-764.8408,1.551575,3055.81,-812.7142,1015.973,3010.842,-813.8632,1014.664,2028.805,-664.6888,1384.119,3033.824,-814.8776,999.6125,1905.391,-772.7576,-22.79789,24.72558,-31.2046,-14.3835,-13.58415
2388.62,-991.9775,630.3721,1.19,1924.864,-778.4695,2.409151,1875.184,-763.1347,1.552892,3050.336,-812.8576,1015.974,3005.368,-813.9987,1014.665,2023.63,-663.774,1384.161,3028.35,-815.0115,999.6125,1900.311,-771.1974,-22.79789,24.63108,-30.94849,-14.30225,-13.51414
2383.046,-991.1953,630.296,1.2,1919.735,-777.0395,2.408133,1870.152,-761.3938,1.554203,3044.854,-813.0002,1015.975,2999.887,-814.1334,1014.665,2018.461,-662.8072,1384.2,3022.868,-815.1448,999.6125,1895.231,-769.6028,-22.79789,24.53778,-30.6898,-14.22046,-13.44425
2377.462,-990.39,630.2233,1.21,1914.607,-775.5747,2.407109,1865.123,-759.6182,1.555501,3039.365,-813.142,1015.976,2994.397,-814.2675,1014.665,2013.298,-661.7886,1384.238,3017.379,-815.2777,999.6125,1890.152,-767.9739,-22.79789,24.45207,-30.44656,-14.13811,-13.37415
2371.871,-989.5617,630.1538,1.22,1909.479,-774.0753,2.406085,1860.096,-757.808,1.55678,3033.87,-813.283,1015.976,2988.902,-814.4009,1014.665,2008.143,-660.7182,1384.274,3011.883,-815.4101,999.6125,1885.074,-766.3108,-22.79789,24.36838,-30.2047,-14.05555,-13.30415
2366.271,-988.7103,630.0876,1.23,1904.353,-772.5411,2.405069,1855.073,-755.9633,1.558034,3028.368,-813.4232,1015.977,2983.4,-814.5336,1014.666,2002.997,-659.5962,1384.308,3006.381,-815.5421,999.6125,1879.999,-764.6134,-22.79789,24.29173,-29.97774,-13.97257,-13.23448
2360.665,-987.836,630.0248,1.24,1899.228,-770.9724,2.404068,1850.054,-754.0842,1.559256,3022.86,-813.5625,1015.978,2977.892,-814.6656,1014.666,1997.86,-658.4226,1384.341,3000.873,-815.6735,999.6125,1874.927,-762.882,-22.79789,24.21096,-29.73027,-13.88956,-13.16491
2355.053,-986.9386,629.9652,1.25,1894.107,-769.3691,2.403089,1845.04,-752.1707,1.56044,3017.348,-813.7009,1015.978,2972.379,-814.7969,1014.666,1992.733,-657.1975,1384.371,2995.36,-815.8044,999.6125,1869.859,-761.1165,-22.79789,24.14638,-29.52633,-13.80636,-13.09619
2349.436,-986.0184,629.909,1.26,1888.989,-767.7313,2.40214,1840.032,-750.2231,1.56158,3011.831,-813.8386,1015.979,2966.862,-814.9275,1014.667,1987.617,-655.9211,1384.4,2989.843,-815.9349,999.6125,1864.796,-759.3172,-22.79789,24.24012,-29.77049,-13.72336,-13.03102
2343.819,-985.0362,629.8522,1.27,1883.863,-766.0552,2.401073,1835.018,-748.2367,1.56283,3006.455,-813.9718,1015.98,2961.485,-814.9975,1014.667,1982.495,-654.5887,1384.427,2984.465,-816.0329,999.6125,1859.726,-757.4794,-22.79789,-12.67291,91.40181,-12.46627,6.706542
2338.229,-983.8503,629.781,1.28,1878.693,-764.328,2.399338,1829.963,-746.1966,1.56477,3001.753,-814.0876,1015.982,2956.777,-814.7895,1014.665,1977.309,-653.1839,1384.453,2979.75,-815.983,999.6125,1854.613,-755.5887,-22.79789,7.724399,29.95574,-10.8801,32.34711
2332.653,-982.4999,629.6999,1.29,1873.484,-762.5506,2.397106,1824.873,-744.1041,1.567217,2997.541,-814.1908,1015.987,2952.56,-814.3747,1014.662,1972.071,-651.7075,1384.478,2975.52,-815.8231,999.6125,1849.462,-753.6463,-22.79789,11.25396,17.30894,-9.817177,49.72136
2327.094,-981.0169,629.6127,1.3,1868.253,-760.7275,2.39452,1819.763,-741.9645,1.570023,2993.681,-814.285,1015.992,2948.702,-813.8101,1014.659,1966.801,-650.1633,1384.502,2971.642,-815.5834,999.6125,1844.291,-751.6574,-22.79789,12.30595,12.43564,-9.04306,62.66177
2321.55,-979.4187,629.5215,1.31,1863.006,-758.8601,2.391668,1814.64,-739.7797,1.573094,2990.083,-814.3723,1015.997,2945.119,-813.1307,1014.656,1961.508,-648.5522,1384.524,2968.028,-815.2825,999.6125,1839.104,-749.6238,-22.79789,12.67643,8.548662,-8.453957,72.82178
2316.021,-977.7152,629.4279,1.32,1857.746,-756.9492,2.388609,1809.506,-737.5508,1.576369,2986.686,-814.4545,1016.003,2941.754,-812.3597,1014.653,1956.195,-646.8743,1384.546,2964.622,-814.9326,999.6125,1833.906,-747.5464,-22.79789,12.62247,7.423597,-7.990148,81.13105
2310.505,-975.9124,629.3328,1.33,1852.476,-754.9955,2.385387,1804.366,-735.2786,1.579802,2983.449,-814.5324,1016.008,2938.57,-811.5128,1014.65,1950.867,-645.1296,1384.565,2961.383,-814.5422,999.6125,1828.699,-745.426,-22.79789,12.4285,6.249961,-7.62051,88.06303
2305.004,-974.014,629.237,1.34,1847.2,-752.9994,2.382035,1799.222,-732.9635,1.58336,2980.338,-814.6071,1016.014,2935.537,-810.6016,1014.647,1945.526,-643.3177,1384.584,2958.282,-814.1174,999.6125,1823.487,-743.2631,-22.79789,12.16209,6.274383,-7.318552,94.021
2299.519,-972.022,629.141,1.35,1841.919,-750.9611,2.378577,1794.075,-730.6061,1.587015,2977.332,-814.679,1016.019,2932.636,-809.6348,1014.645,1940.175,-641.4383,1384.601,2955.298,-813.6627,999.6125,1818.271,-741.0582,-22.79789,11.85862,6.371253,-7.069583,99.22576
2294.051,-969.9373,629.0453,1.36,1836.635,-748.8812,2.375038,1788.928,-728.207,1.590746,2974.411,-814.7486,1016.023,2929.851,-808.6191,1014.643,1934.815,-639.4909,1384.617,2952.412,-813.1815,999.6125,1813.054,-738.8117,-22.79789,11.53896,6.89716,-6.862964,103.8316
2288.602,-967.7604,628.9503,1.37,1831.35,-746.7599,2.371437,1783.782,-725.7665,1.594532,2971.56,-814.8164,1016.027,2927.17,-807.5598,1014.642,1929.447,-637.475,1384.631,2949.613,-812.6768,999.6125,1807.837,-736.5241,-22.79789,11.20416,7.541769,-6.690142,107.965
2283.173,-965.4908,628.8563,1.38,1826.065,-744.5977,2.36779,1778.64,-723.2852,1.598356,2968.768,-814.8825,1016.031,2924.583,-806.4611,1014.641,1924.074,-635.39,1384.643,2946.889,-812.1507,999.6125,1802.622,-734.1959,-22.79789,10.84962,8.274325,-6.551302,111.7016
2277.768,-963.1282,628.7634,1.39,1820.784,-742.395,2.364113,1773.503,-720.7637,1.602203,2966.023,-814.9473,1016.034,2922.084,-805.3267,1014.641,1918.697,-633.2357,1384.655,2944.231,-811.605,999.6125,1797.41,-731.8276,-22.79789,10.50963,9.587493,-6.387532,115.1395
2272.388,-960.6712,628.6722,1.4,1815.508,-740.1526,2.360427,1768.373,-718.2028,1.60605,2963.308,-815.0028,1016.036,2919.657,-804.155,1014.642,1913.316,-631.0115,1384.665,2941.623,-811.0349,999.6125,1792.205,-729.4199,-22.79789,10.67028,10.36882,-1.929047,120.6713
2267.038,-958.1183,628.5841,1.41,1810.239,-737.8714,2.356809,1763.253,-715.605,1.609821,2960.552,-814.9783,1016.038,2917.222,-802.909,1014.643,1907.932,-628.7163,1384.673,2938.992,-810.3869,999.6125,1787.009,-726.9747,-22.79789,10.53222,9.515883,7.586723,129.0019
2261.716,-955.4737,628.5017,1.42,1804.963,-735.5447,2.353352,1758.117,-712.9878,1.613416,2957.739,-814.8542,1016.039,2914.764,-801.5762,1014.645,1902.544,-626.3486,1384.68,2936.321,-809.645,999.6125,1781.801,-724.4976,-22.79789,10.4157,9.965735,17.406,137.6767
2256.427,-952.7387,628.4259,1.43,1799.678,-733.1705,2.350107,1752.955,-710.3578,1.616783,2954.874,-814.6289,1016.039,2912.287,-800.1543,1014.648,1897.153,-623.9075,1384.683,2933.614,-808.8074,999.6125,1776.576,-721.9911,-22.79789,10.29147,10.38111,27.75812,146.7757
2251.173,-949.9125,628.3568,1.44,1794.385,-730.7496,2.347104,1747.771,-707.7163,1.619892,2951.96,-814.2983,1016.039,2909.794,-798.6395,1014.651,1891.762,-621.3927,1384.684,2930.875,-807.8703,999.6125,1771.335,-719.4563,-22.79789,10.19873,12.24022,38.39774,156.2258
2245.958,-946.9943,628.2944,1.45,1789.089,-728.2827,2.344357,1742.566,-705.0643,1.622731,2949.0,-813.8599,1016.038,2907.288,-797.0286,1014.654,1886.373,-618.8052,1384.683,2928.107,-806.8305,999.6125,1766.083,-716.8939,-22.79789,10.08186,12.7002,49.28883,166.008
2240.786,-943.9826,628.2388,1.46,1783.791,-725.7708,2.341887,1737.343,-702.4031,1.625277,2946.002,-813.3117,1016.037,2904.777,-795.3186,1014.658,1880.988,-616.1446,1384.679,2925.318,-805.6859,999.6125,1760.82,-714.3052,-22.79789,9.963668,12.88545,60.38043,176.0228
2235.661,-940.8765,628.1888,1.47,1778.495,-723.2147,2.339657,1732.104,-699.7338,1.627573,2942.97,-812.6528,1016.035,2902.267,-793.5073,1014.662,1875.61,-613.4173,1384.672,2922.513,-804.4346,999.6125,1755.551,-711.6909,-22.79789,9.740203,16.54277,71.44024,186.3361
2230.588,-937.6766,628.1363,1.48,1773.197,-720.6123,2.337263,1726.845,-697.0542,1.630035,2939.908,-811.8825,1016.032,2899.765,-791.5905,1014.667,1870.223,-610.6721,1384.667,2919.697,-803.0734,999.6125,1750.271,-709.048,-22.79789,9.597087,17.01422,82.61321,197.0724
2225.569,-934.3803,628.0793,1.49,1767.898,-717.9635,2.334596,1721.567,-694.3647,1.63278,2936.822,-811.0001,1016.029,2897.277,-789.5652,1014.673,1864.826,-607.9222,1384.665,2916.876,-801.6004,999.6125,1744.981,-706.3763,-22.79789,9.42948,17.38881,93.85961,208.0246
2220.609,-930.9838,628.018,1.5,1762.602,-715.2734,2.331671,1716.274,-691.668,1.635791,2933.718,-810.0063,1016.025,2894.814,-787.429,1014.679,1859.418,-605.167,1384.667,2914.058,-800.0144,999.6125,1739.685,-703.6797,-22.79789,9.381484,19.91138,104.9319,219.2995
2215.713,-927.4867,627.9542,1.51,1757.324,-712.5839,2.328611,1710.996,-688.9784,1.63894,2930.6,-808.9009,1016.02,2892.383,-785.1782,1014.687,1853.999,-602.4055,1384.67,2911.25,-798.3137,999.6125,1734.405,-700.9865,-22.79789,9.2563,20.06316,116.1411,230.9016
2210.885,-923.8849,627.8881,1.52,1752.07,-709.9068,2.325438,1705.741,-686.3013,1.642207,2927.474,-807.6839,1016.014,2889.995,-782.8101,1014.696,1848.569,-599.6387,1384.674,2908.459,-796.4968,999.6125,1729.149,-698.3054,-22.79789,9.38045,25.26243,127.2352,242.7568
2206.136,-920.1718,627.8197,1.53,1746.847,-707.2454,2.322136,1700.518,-683.6399,1.645605,2924.345,-806.3558,1016.006,2887.661,-780.3224,1014.706,1843.132,-596.8684,1384.679,2905.693,-794.5626,999.6125,1723.925,-695.6397,-22.79789,9.340614,24.97005,138.3479,254.8207
2201.477,-916.3406,627.7487,1.54,1741.662,-704.6036,2.318695,1695.333,-680.998,1.649147,2921.217,-804.9164,1015.998,2885.393,-777.7124,1014.718,1837.693,-594.0969,1384.686,2902.961,-792.5094,999.6125,1718.738,-692.9931,-22.79789,9.828193,31.21186,149.4931,267.2172
2196.919,-912.383,627.675,1.55,1736.525,-701.9861,2.3151,1690.196,-678.3805,1.652846,2918.097,-803.3651,1015.988,2883.202,-774.9774,1014.731,1832.257,-591.327,1384.694,2900.271,-790.3353,999.6125,1713.6,-690.3703,-22.79789,9.910173,30.19555,160.7953,279.8297
2192.48,-908.2919,627.5985,1.56,1731.447,-699.3987,2.311342,1685.118,-675.7931,1.656712,2914.985,-801.6989,1015.977,2881.098,-772.1138,1014.745,1826.831,-588.5626,1384.703,2897.628,-788.0369,999.6125,1708.521,-687.7772,-22.79789,10.88515,37.18946,172.4335,292.9275
2188.176,-904.0579,627.5193,1.57,1726.442,-696.8489,2.307408,1680.113,-673.2432,1.660756,2911.883,-799.9149,1015.964,2879.093,-769.1178,1014.762,1821.426,-585.8084,1384.715,2895.039,-785.6103,999.6125,1703.515,-685.2211,-22.79789,15.07986,58.80971,183.1488,306.0896
2184.014,-899.6855,627.4382,1.58,1721.52,-694.341,2.30333,1675.191,-670.7353,1.664946,2908.766,-797.9896,1015.949,2877.157,-765.9802,1014.78,1816.048,-583.0683,1384.728,2892.477,-783.0395,999.6125,1698.592,-682.7066,-22.79789,7.782145,19.28101,203.0654,321.8967
2179.944,-895.2234,627.3586,1.59,1716.659,-691.8639,2.299273,1670.33,-668.2581,1.669112,2905.523,-795.837,1015.932,2875.129,-762.6707,1014.799,1810.688,-580.3375,1384.742,2889.808,-780.2679,999.6125,1693.73,-680.2225,-22.79789,5.904994,19.98333,228.1819,340.5542
2175.959,-890.6813,627.2814,1.6,1711.856,-689.417,2.295271,1665.527,-665.8112,1.673218,2902.142,-793.4141,1015.915,2872.978,-759.1599,1014.82,1805.348,-577.6168,1384.758,2887.01,-777.2598,999.6125,1688.927,-677.7685,-22.79789,4.119833,19.60566,257.313,362.3032
2172.056,-886.0663,627.2071,1.61,1707.114,-687.0005,2.291346,1660.785,-663.3947,1.677242,2898.619,-790.6737,1015.897,2870.681,-755.4113,1014.841,1800.03,-574.9069,1384.775,2884.071,-773.9741,999.6125,1684.183,-675.3447,-22.79789,2.762599,17.37532,291.8268,388.2524
2168.224,-881.389,627.1364,1.62,1702.427,-684.6126,2.287528,1656.098,-661.0067,1.681152,2894.953,-787.5533,1015.878,2868.209,-751.3758,1014.862,1794.732,-572.2075,1384.793,2880.975,-770.3557,999.6125,1679.496,-672.9494,-22.79789,2.354235,12.28431,333.7656,420.0595
2164.444,-876.6649,627.0702,1.63,1697.787,-682.2484,2.283858,1651.458,-658.6425,1.684908,2891.14,-783.9662,1015.86,2865.518,-746.9845,1014.883,1789.45,-569.5166,1384.812,2877.7,-766.3282,999.6125,1674.856,-670.5779,-22.79789,3.506274,3.417382,386.0179,460.0714
2160.687,-871.9165,627.0095,1.64,1693.176,-679.8991,2.280391,1646.847,-656.2931,1.68845,2887.18,-779.7858,1015.843,2862.548,-742.1366,1014.902,1784.176,-566.8292,1384.831,2874.216,-761.7795,999.6125,1670.245,-668.2212,-22.79789,9.5055,-18.43867,453.4744,512.2121
2156.904,-867.1791,626.956,1.65,1688.564,-677.549,2.277222,1642.235,-653.943,1.691686,2883.067,-774.8001,1015.828,2859.194,-736.6637,1014.918,1778.892,-564.1367,1384.851,2870.469,-756.5225,999.6125,1665.633,-665.8641,-22.79789,15.6085,-37.49531,548.3859,586.1117
2153.018,-862.5103,626.9127,1.66,1683.903,-675.174,2.274516,1637.573,-651.568,1.694445,2878.781,-768.6171,1015.818,2855.269,-730.2569,1014.929,1773.57,-561.4252,1384.87,2866.357,-750.2118,999.6125,1660.972,-663.4827,-22.79789,13.62152,-32.20466,705.3091,708.5607
2149.027,-857.9157,626.8775,1.67,1679.189,-672.7724,2.272193,1632.86,-649.1663,1.69681,2874.367,-761.4262,1015.813,2850.861,-723.0622,1014.936,1768.214,-558.6961,1384.889,2861.947,-743.0138,999.6125,1656.259,-661.075,-22.79789,3.940352,-4.71994,721.5961,721.615
2145.037,-853.314,626.8428,1.68,1674.484,-670.3748,2.269847,1628.154,-646.7688,1.699196,2869.94,-754.2015,1015.807,2846.434,-715.8373,1014.941,1762.863,-555.9699,1384.908,2857.521,-735.7839,999.6125,1651.554,-658.6714,-22.79789,3.813825,-4.532819,723.3572,723.3759
2141.05,-848.7037,626.8085,1.69,1669.788,-667.982,2.267473,1623.458,-644.3759,1.701608,2865.502,-746.9591,1015.802,2841.996,-708.5947,1014.947,1757.519,-553.2469,1384.926,2853.084,-728.5364,999.6125,1646.859,-656.2727,-22.79789,3.687138,-4.345312,725.1248,725.1432
2137.065,-844.085,626.7745,1.7,1665.101,-665.5941,2.26507,1618.772,-641.988,1.704045,2861.054,-739.6989,1015.796,2837.548,-701.3344,1014.953,1752.181,-550.5275,1384.944,2848.636,-721.2712,999.6125,1642.173,-653.8788,-22.79789,3.560767,-4.158962,726.8981,726.9163
