t,x1,y1,z1
0.0,1.0,1.0,0.0
0.001,0.6324560933723851,1.2649108630473118,-4.89192631295704e-6
0.002,0.6324557267730033,1.2649109665444351,-1.956762585334815e-5
0.003,0.6324556075821403,1.2649110255215228,-4.402701919873047e-5
0.004,0.632455560393347,1.2649110474553567,-7.82701063761905e-5
0.005,0.6324555405881425,1.2649110538605706,-0.00012229688729926782
0.006,0.6324555304532302,1.2649110525722091,-0.0001761073618311515
0.007,0.6324555227094903,1.2649110459812107,-0.00023970152972476865
0.008,0.6324555140903854,1.2649110342452001,-0.0003130793905748542
0.009000000000000001,0.6324555055236295,1.2649110152599528,-0.0003962409437272539
0.010000000000000002,0.6324554920992476,1.2649109894416966,-0.0004891861883307975
0.011000000000000003,0.6324554738319996,1.264910954674845,-0.0005919151231089479
0.012000000000000004,0.6324554498831639,1.2649109089950308,-0.0007044277463687178
0.013000000000000005,0.6324554192129881,1.26491085031138,-0.0008267240558885378
0.014000000000000005,0.6324553806741583,1.2649107763597804,-0.0009588040488180867
0.015000000000000006,0.6324553330260047,1.2649106846957745,-0.0011006677215694115
0.016000000000000007,0.6324552749366635,1.2649105726934835,-0.0012523150696993337
0.017000000000000008,0.6324552049834032,1.2649104375454416,-0.0014137460877831714
0.01800000000000001,0.6324551216526765,1.2649102762625728,-0.001584960769279729
0.01900000000000001,0.6324550233401257,1.264910085674186,-0.0017659591063875863
0.02000000000000001,0.6324549083505864,1.2649098624279753,-0.0019567410898926785
0.02100000000000001,0.6324547748980869,1.2649096029900222,-0.0021573067090071714
0.022000000000000013,0.6324546211058482,1.2649093036447938,-0.002367655951199625
0.023000000000000013,0.6324544450062858,1.2649089604951462,-0.0025877888020164504
0.024000000000000014,0.6324542445410081,1.2649085694623226,-0.002817705244894661
0.025000000000000015,0.6324540175608191,1.264908126285958,-0.0030574052609659086
0.026000000000000016,0.6324537618257181,1.264907626524078,-0.003306888828851822
0.027000000000000017,0.6324534750048993,1.2649070655531007,-0.003566155924450627
0.028000000000000018,0.6324531546767541,1.264906438567838,-0.003835206520715068
0.02900000000000002,0.6324527983288719,1.2649057405814994,-0.0041140405874216125
0.03000000000000002,0.6324524033580396,1.2649049664256922,-0.004402658090930958
0.03100000000000002,0.6324519670702452,1.2649041107504244,-0.0047010589939398195
0.03200000000000002,0.6324514866806761,1.2649031680241072,-0.005009243255224021
0.03300000000000002,0.6324509593137218,1.264902132533558,-0.005327210829372863
0.03400000000000002,0.6324503820029773,1.2649009983840043,-0.005654961666514807
0.035000000000000024,0.6324497516912407,1.2648997594990845,-0.005992495712034428
0.036000000000000025,0.6324490652305184,1.264898409620856,-0.006339812906280683
0.037000000000000026,0.6324483193820254,1.2648969423097944,-0.006696913184266439
0.03800000000000003,0.6324475108161883,1.264895350944803,-0.007063796475359331
0.03900000000000003,0.6324466361126465,1.2648936287232135,-0.007440462702963885
0.04000000000000003,0.632445691760256,1.2648917686607932,-0.00782691178419495
0.04100000000000003,0.6324446741570906,1.2648897635917504,-0.008223143629542415
0.04200000000000003,0.632443579610452,1.2648876061687393,-0.008629158142527099
0.04300000000000003,0.6324424043368526,1.2648852888628739,-0.009044955219348175
0.04400000000000003,0.6324411444620439,1.264882803963723,-0.009470534748521884
0.04500000000000003,0.6324397960210084,1.2648801435793269,-0.009905896610511318
0.046000000000000034,0.6324383549579629,1.2648772996362023,-0.010351040677347595
0.047000000000000035,0.6324368171263641,1.264874263879352,-0.010805966812242355
0.048000000000000036,0.632435178288914,1.2648710278722741,-0.011270674869191531
0.04900000000000004,0.6324334341175647,1.2648675829969733,-0.011745164692570401
0.05000000000000004,0.6324315801935207,1.2648639204539684,-0.012229436116719975
0.05100000000000004,0.6324296120072497,1.264860031262308,-0.012723488965524632
0.05200000000000004,0.6324275249584822,1.2648559062595786,-0.013227323051981082
0.05300000000000004,0.6324255358223007,1.264851425368972,-0.013740938177780332
0.05400000000000004,0.6324232229501733,1.2648467874983944,-0.014264334132773775
0.05500000000000004,0.6324207657900969,1.2648418907810737,-0.014797510694642423
0.05600000000000004,0.6324181703074215,1.2648367198646162,-0.015340467628347766
0.057000000000000044,0.632415432105037,1.2648312643511521,-0.015893204685677814
0.058000000000000045,0.6324125460866595,1.264825513965686,-0.01645572160476389
0.059000000000000045,0.6324095070292821,1.2648194582698895,-0.017028018109588608
0.060000000000000046,0.6324063096170947,1.264813086645166,-0.017610093909485102
0.06100000000000005,0.632402948443503,1.2648063882916665,-0.018201948698627762
0.06200000000000005,0.6323994180112587,1.2647993522282512,-0.0188035821555141
0.06300000000000004,0.6323957127324749,1.2647919672925059,-0.019414993942437973
0.06400000000000004,0.6323918269286413,1.2647842221407686,-0.02003618370495411
0.06500000000000004,0.6323877548306349,1.26477610524815,-0.020667151071333947
0.06600000000000004,0.6323834905787321,1.2647676049085617,-0.02130789565201273
0.06700000000000005,0.6323790282226236,1.2647587092347414,-0.02195841703902829
0.06800000000000005,0.6323743617214267,1.2647494061582818,-0.02261871480545004
0.06900000000000005,0.6323694849437014,1.2647396834296587,-0.023288788504800356
0.07000000000000005,0.6323643916674648,1.264729528618262,-0.023968637670466877
0.07100000000000005,0.6323590755802073,1.2647189291124294,-0.024658261815106147
0.07200000000000005,0.6323535302789101,1.2647078721194767,-0.02535766043003853
0.07300000000000005,0.6323477492700604,1.2646963446657344,-0.026066832984634452
0.07400000000000005,0.6323419412003015,1.2646842259815012,-0.02678577892569378
0.07500000000000005,0.6323356828142452,1.2646717110212342,-0.027514497676807855
0.07600000000000005,0.6323291642967732,1.2646586877939496,-0.028252988637729598
0.07700000000000005,0.6323223833380871,1.2646451403296295,-0.029001251183718144
0.07800000000000006,0.6323153331006144,1.2646310546961972,-0.029759284664883128
0.07900000000000006,0.6323080065540828,1.264616416831997,-0.030527088405519324
0.08000000000000006,0.6323003965755147,1.2646012124958563,-0.03130466170343172
0.08100000000000006,0.6322924959515552,1.2645854272659787,-0.03209200382925227
0.08200000000000006,0.6322842973785514,1.2645690465399697,-0.03288911402574787
0.08300000000000006,0.6322757934625786,1.2645520555348861,-0.03369599150711965
0.08400000000000006,0.6322669767194681,1.2645344392872917,-0.03451263545829366
0.08500000000000006,0.6322578395748353,1.2645161826533111,-0.035339045034202723
0.08600000000000006,0.6322483743641084,1.2644972703086894,-0.03617521935905981
0.08700000000000006,0.6322385733325585,1.2644776867488507,-0.03702115752562267
0.08800000000000006,0.6322284286353312,1.2644574162889615,-0.03787685859444956
0.08900000000000007,0.6322179323374781,1.2644364430639943,-0.03874232159314641
0.09000000000000007,0.6322070764139918,1.2644147510287949,-0.039617545515605444
0.09100000000000007,0.6321958527498382,1.26439232395815,-0.04050252932123515
0.09200000000000007,0.6321842531399948,1.2643691454468609,-0.041397271934183036
0.09300000000000007,0.6321722692894859,1.2643451989098144,-0.04230177224254472
0.09400000000000007,0.6321598928134214,1.2643204675820616,-0.0432160290975695
0.09500000000000007,0.6321471152370369,1.2642949345188954,-0.0441400413128554
0.09600000000000007,0.6321339279957339,1.2642685825959314,-0.045073807663535755
0.09700000000000007,0.6321203224351212,1.2642413945091926,-0.046017326885456934
0.09800000000000007,0.6321062898110608,1.2642133527751966,-0.04697059767434753
0.09900000000000007,0.6320918212897101,1.2641844397310444,-0.04793361868497879
0.10000000000000007,0.6320769079475704,1.264154637534513,-0.04890638853031645
0.10100000000000008,0.632061540771532,1.2641239281641488,-0.0498889057806638
0.10200000000000008,0.6320459237163556,1.2640921868908803,-0.050881168962808754
0.10300000000000008,0.632029629734906,1.2640596042620915,-0.051883176559101817
0.10400000000000008,0.6320128526383003,1.2640260601731657,-0.05289492700664339
0.10500000000000008,0.6319955848711597,1.2639915349788753,-0.053916418696345524
0.10600000000000008,0.6319778169905081,1.2639560097544495,-0.054947649972046035
0.10700000000000008,0.6319595394480172,1.2639194654045545,-0.055988619129596545
0.10800000000000008,0.631940742605982,1.263881882655453,-0.05703932441594429
0.10900000000000008,0.6319214167375228,1.2638432420550514,-0.058099764028207324
0.11000000000000008,0.6319015520266493,1.263803523973025,-0.05916993611273994
0.11100000000000008,0.6318811385683238,1.2637627086009438,-0.0602498387641893
0.11200000000000009,0.6318601663685273,1.2637207759524034,-0.06133947002454325
0.11300000000000009,0.631838625344327,1.2636777058631627,-0.06243882788216963
0.11400000000000009,0.631816505323945,1.2636334779912781,-0.06354791027084694
0.11500000000000009,0.631793796046831,1.263588071817248,-0.06466671506878627
0.11600000000000009,0.631770487163733,1.263541466644158,-0.06579524009764476
0.11700000000000009,0.6317465682367744,1.2634936415978308,-0.06693348312153029
0.11800000000000009,0.6317220287395318,1.2634445756269814,-0.06808144184599757
0.11900000000000009,0.6316968580571107,1.2633942475033728,-0.06923911391703581
0.12000000000000009,0.6316710454862311,1.2633426358219797,-0.07040649692004733
0.1210000000000001,0.6316445802353072,1.2632897190011545,-0.07158358837881765
0.1220000000000001,0.6316174514245345,1.2632354752827966,-0.07277038575447721
0.1230000000000001,0.6315896480859784,1.26317988273253,-0.0739668864444517
0.1240000000000001,0.6315611591636612,1.2631229192398798,-0.07517308778141146
0.12500000000000008,0.6315319735136581,1.263064562518458,-0.07638898703220541
0.12600000000000008,0.6315020799041877,1.263004790106151,-0.07761458139679675
0.12700000000000009,0.6314714670157109,1.262943579365312,-0.0788498680071599
0.12800000000000009,0.6314401234410308,1.2628809074829621,-0.08009484392620546
0.1290000000000001,0.6314080376853924,1.2628167514709885,-0.08134950614667871
0.1300000000000001,0.6313751981665875,1.2627510881663555,-0.08261385159005223
0.1310000000000001,0.631341593215061,1.2626838942313157,-0.08388787710540987
0.1320000000000001,0.6313072110740201,1.262615146153627,-0.08517157946832225
0.1330000000000001,0.6312720398995464,1.2625448202467777,-0.08646495537971359
0.1340000000000001,0.631236067760709,1.2624728926502118,-0.08776800146471984
0.1350000000000001,0.6311992826396817,1.262399339329563,-0.08908071427153845
0.1360000000000001,0.6311616724318639,1.2623241360768942,-0.09040309027026926
0.1370000000000001,0.6311232249460009,1.262247258510942,-0.09173512585174697
0.1380000000000001,0.6310839279043106,1.2621686820773645,-0.09307681732636501
0.1390000000000001,0.6310437689426108,1.2620883820489988,-0.09442816092289075
0.1400000000000001,0.6310027356104504,1.2620063335261211,-0.09578915278727207
0.1410000000000001,0.6309610311255565,1.2619224035597811,-0.09715978898152262
0.1420000000000001,0.6309182166767056,1.2618367799997725,-0.09854006548217242
0.1430000000000001,0.6308744893398529,1.2617493325384208,-0.09992997817954903
0.1440000000000001,0.6308298370315903,1.261660035233069,-0.1013295228762179
0.1450000000000001,0.6307842468749116,1.26156886232395,-0.10273869528582916
0.1460000000000001,0.6307377059049907,1.2614757878816314,-0.1041574910318731
0.1470000000000001,0.6306902010717184,1.2613807858061195,-0.10558590564642663
0.1480000000000001,0.6306417192398683,1.261283829827171,-0.1070239345689011
0.1490000000000001,0.630592247189253,1.2611848935046068,-0.10847157314475846
0.1500000000000001,0.6305417716148896,1.261083950228639,-0.10992881662422961
0.1510000000000001,0.6304902791271599,1.2609809732201969,-0.1113956601610324
0.1520000000000001,0.6304377562519857,1.2608759355312689,-0.11287209881107522
0.1530000000000001,0.6303841894309954,1.2607688100452439,-0.1143581275311521
0.1540000000000001,0.630329565021703,1.260659569477263,-0.11585374117762903
0.1550000000000001,0.6302738692976867,1.2605481863745798,-0.11735893450512201
0.1560000000000001,0.6302170884487717,1.2604346331169234,-0.11887370216516613
0.1570000000000001,0.6301592085812178,1.2603188819168745,-0.12039803870487642
0.1580000000000001,0.6301002157179098,1.2602009048202445,-0.12193193856559986
0.1590000000000001,0.6300400957985501,1.2600806737064638,-0.12347539608155901
0.16000000000000011,0.62997883467986,1.2599581602889787,-0.12502840547848676
0.16100000000000012,0.6299164181357797,1.2598333361156546,-0.12659096087225288
0.16200000000000012,0.6298528318576744,1.259706172569188,-0.1281630562674816
0.16300000000000012,0.6297880614545447,1.2595766408675257,-0.12974468555616114
0.16400000000000012,0.6297220924532421,1.259444712064295,-0.13133584251624386
0.16500000000000012,0.629654910298685,1.2593103570492363,-0.132936520810238
0.16600000000000012,0.6295865003540829,1.2591735465486509,-0.1345467139837914
0.16700000000000012,0.629516847901163,1.2590342511258523,-0.13616641546426586
0.16800000000000012,0.6294459381404005,1.25889244118163,-0.13779561855930372
0.16900000000000012,0.6293737561912545,1.2587480869547167,-0.13943431645538498
0.17000000000000012,0.6293002870924077,1.2586011585222703,-0.14108250221637633
0.17100000000000012,0.6292255158020117,1.2584516258003617,-0.14274016878207127
0.17200000000000013,0.6291494271979344,1.2582994585444713,-0.14440730896672396
0.17300000000000013,0.6290720060780131,1.2581446263499936,-0.14608391545759433
0.17400000000000013,0.6289932371603159,1.257987098652759,-0.14776998081341253
0.17500000000000013,0.6289131050834019,1.2578268447295564,-0.14946549746289844
0.17600000000000013,0.6288315944065903,1.2576638336986667,-0.15117045770328133
0.17700000000000013,0.6287486896102326,1.25749803452041,-0.15288485369877708
0.17800000000000013,0.6286643750959888,1.2573294159976978,-0.15460867747906745
0.17900000000000013,0.6285786351871124,1.2571579467765992,-0.15634192093777136
0.18000000000000013,0.6284914541287369,1.2569835953469166,-0.1580845758309068
0.18100000000000013,0.6284028160881678,1.2568063300427679,-0.15983663377534427
0.18200000000000013,0.6283127051551822,1.2566261190431858,-0.1615980862472517
0.18300000000000013,0.6282211053423308,1.2564429303727205,-0.16336892458053018
0.18400000000000014,0.6281280005852471,1.256256731902058,-0.16514913996524122
0.18500000000000014,0.6280333747429615,1.2560674913486487,-0.16693872344602526
0.18600000000000014,0.6279372115982211,1.2558751762773435,-0.1687376659205112
0.18700000000000014,0.6278394948578141,1.2556797541010463,-0.17054595813771717
0.18800000000000014,0.627740208152901,1.2554811920813722,-0.17236359069644266
0.18900000000000014,0.6276393350393511,1.2552794573293227,-0.17419055404365144
0.19000000000000014,0.6275368589980846,1.255074516805968,-0.17602683847284592
0.19100000000000014,0.6274327634354215,1.2548663373231437,-0.17787243412243273
0.19200000000000014,0.6273270316834354,1.2546548855441584,-0.17972733097407867
0.19300000000000014,0.6272196470003122,1.2544401279845123,-0.18159151885105873
0.19400000000000014,0.6271105925707189,1.254222031012631,-0.18346498741659453
0.19500000000000015,0.6270000638223885,1.2540004546926407,-0.1853477261727947
0.19600000000000015,0.6268876224531563,1.2537755757711972,-0.18723972445657483
0.19700000000000015,0.6267734602317857,1.2535472557790428,-0.18914097144153047
0.19800000000000015,0.6266575602964767,1.2533154603819154,-0.19105145613387653
0.19900000000000015,0.6265399054700933,1.2530801552242414,-0.19297116737133133
0.20000000000000015,0.6264204785040182,1.252841305808178,-0.19490009382140153
0.20100000000000015,0.6262992620788475,1.2525988774942918,-0.19683822397965717
0.20200000000000015,0.6261762388048073,1.2523528355023945,-0.1987855461679974
0.20300000000000015,0.6260513912221823,1.2521031449123956,-0.20074204853290734
0.20400000000000015,0.6259247018017429,1.2518497706651583,-0.2027077190437441
0.20500000000000015,0.6257961529451879,1.251592677563386,-0.20468254549092213
0.20600000000000016,0.6256657269855915,1.2513318302725147,-0.20666651548413295
0.20700000000000016,0.6255334061878574,1.251067193321619,-0.20865961645058723
0.20800000000000016,0.6253991727491759,1.2507987311043318,-0.21066183563322463
0.20900000000000016,0.6252630087994967,1.250526407879783,-0.2126731600889141
0.21000000000000016,0.6251248964020016,1.2502501877735508,-0.2146935766866445
0.21100000000000016,0.6249848175535904,1.249970034778628,-0.2167230721057058
0.21200000000000016,0.6248427541853713,1.2496859127564073,-0.21876163283386066
0.21300000000000016,0.6246986881631613,1.2493977854376783,-0.22080924516550612
0.21400000000000016,0.6245526012879928,1.249105616423643,-0.22286589519982558
0.21500000000000016,0.6244044752966308,1.2488093691869477,-0.224931568838931
0.21600000000000016,0.6242542918620945,1.248509007072729,-0.22700625178599518
0.21700000000000016,0.6241020325941914,1.24820449329968,-0.229089929543374
0.21800000000000017,0.6239476790400581,1.2478957909611317,-0.2311825874107188
0.21900000000000017,0.6237912126847087,1.2475828630261492,-0.23328421048307832
0.22000000000000017,0.623632614951593,1.2472656723406508,-0.23539478364899089
0.22100000000000017,0.6234718672031648,1.2469441816285407,-0.23751429158856613
0.22200000000000017,0.6233089507414562,1.24661835349286,-0.23964271877155627
0.22300000000000017,0.6231438468086636,1.246288150416958,-0.2417800494554171
0.22400000000000017,0.6229765365877417,1.2459535347656796,-0.24392626768335843
0.22500000000000017,0.6228070012030072,1.2456144687865736,-0.2460813572823839
0.22600000000000017,0.622635221720752,1.2452709146111176,-0.24824530186132074
0.22700000000000017,0.6224611791498667,1.2449228342559655,-0.25041808480883737
0.22800000000000017,0.622284854442472,1.244570189624212,-0.252599689291451
0.22900000000000018,0.6221062284945619,1.2442129425066761,-0.25479009825152393
0.23000000000000018,0.6219252821466569,1.2438510545832089,-0.2569892944052493
0.23100000000000018,0.6217419961844661,1.243484487424018,-0.2591972602406254
0.23200000000000018,0.6215563513395616,1.2431132024910152,-0.2614139780154181
0.23300000000000018,0.6213683282900603,1.242737161139182,-0.26363942975511245
0.23400000000000018,0.6211779076613213,1.2423563246179614,-0.2658735972508526
0.23500000000000018,0.6209850700266492,1.2419706540726674,-0.2681164620573697
0.23600000000000018,0.6207897959080109,1.2415801105459177,-0.27036800549089846
0.23700000000000018,0.6205920657767643,1.2411846549790904,-0.2726282086270812
0.23800000000000018,0.6203918600543967,1.2407842482138012,-0.2748970522988603
0.23900000000000018,0.6201891591132753,1.2403788509934046,-0.277174517094358
0.24000000000000019,0.6199839432774102,1.2399684239645206,-0.279460583354744
0.2410000000000002,0.6197761928232328,1.23955292767859,-0.28175523117204077
0.2420000000000002,0.6195658879803735,1.2391323225934312,-0.2840584403870639
0.2430000000000002,0.6193530089324651,1.2387065690748473,-0.2863701905872023
0.2440000000000002,0.6191375358179523,1.2382756273982445,-0.28869046110424657
0.2450000000000002,0.6189194487309067,1.2378394577502614,-0.2910192310123009
0.2460000000000002,0.6186987277218855,1.2373980202304882,-0.29335647912532553
0.2470000000000002,0.6184753527987695,1.2369512748531435,-0.2957021839950392
0.2480000000000002,0.6182493039276289,1.236499181548802,-0.2980563239086823
0.2490000000000002,0.6180205610335973,1.2360417001661483,-0.3004188768867642
0.25000000000000017,0.6177891040017638,1.2355787904737578,-0.3027898206807978
0.25100000000000017,0.6175549126780783,1.2351104121619079,-0.3051691327710186
0.25200000000000017,0.6173179668702701,1.2346365248444156,-0.30755679036408967
0.25300000000000017,0.6170782463487803,1.234157088060504,-0.30995277039079167
0.25400000000000017,0.6168357308477124,1.2336720612767016,-0.3123570495036975
0.25500000000000017,0.6165904000657929,1.2331814038887665,-0.3147696040748317
0.25600000000000017,0.6163422336673519,1.2326850752236447,-0.3171904101933143
0.2570000000000002,0.6160912112833163,1.23218303454146,-0.31961944366298883
0.2580000000000002,0.6158373125122197,1.2316752410375316,-0.32205668000003396
0.2590000000000002,0.6155805169212286,1.231161653844429,-0.3245020944305586
0.2600000000000002,0.6153208040471843,1.230642232034055,-0.3269556618881811
0.2610000000000002,0.6150581533976612,1.230116934619765,-0.3294173570115903
0.2620000000000002,0.6147925444520451,1.2295857205585188,-0.3318871541420902
0.2630000000000002,0.6145239566626228,1.229048548753067,-0.3343650273211267
0.2640000000000002,0.6142523694556964,1.228505378054175,-0.33685095028779616
0.2650000000000002,0.6139777622327087,1.227956167262878,-0.33934489647633626
0.2660000000000002,0.6137001143713918,1.2274008751327765,-0.3418468390135978
0.2670000000000002,0.6134194052269322,1.226839460372368,-0.34435675071649763
0.2680000000000002,0.6131356141331548,1.2262718816474147,-0.3468746040894527
0.2690000000000002,0.6128487204037261,1.2256980975833534,-0.34940037132179425
0.2700000000000002,0.6125587033333775,1.2251180667677397,-0.35193402428516135
0.2710000000000002,0.6122655421991485,1.2245317477527362,-0.35447553453087544
0.2720000000000002,0.6119692162616498,1.223939099057641,-0.35702487328729227
0.2730000000000002,0.6116697047663476,1.223340079171455,-0.3595820114571344
0.2740000000000002,0.6113669869448696,1.222734646555495,-0.3621469196148009
0.2750000000000002,0.61106104201633,1.2221227596460473,-0.36471956800365535
0.2760000000000002,0.6107518491886801,1.2215043768570664,-0.3672999265332915
0.2770000000000002,0.6104393876600789,1.2208794565829189,-0.3698879647767756
0.2780000000000002,0.6101236366202871,1.2202479572011729,-0.3724836519678658
0.2790000000000002,0.609804575252085,1.219609837075433,-0.3750869569982073
0.2800000000000002,0.6094821827327124,1.218965054558225,-0.3776978484145033
0.2810000000000002,0.6091564382353365,1.2183135679939259,-0.3803162944156608
0.2820000000000002,0.6088273209305382,1.217655335721747,-0.3829422628499115
0.2830000000000002,0.6084948099878317,1.2169903160787665,-0.3855757212119064
0.2840000000000002,0.6081588845772026,1.2163184674030112,-0.38821663663978406
0.2850000000000002,0.6078195238706768,1.2156397480365926,-0.39086497591221164
0.2860000000000002,0.6074767070439142,1.2149541163288995,-0.3935207054453991
0.2870000000000002,0.6071304132778301,1.2142615306398385,-0.39618379129008374
0.2880000000000002,0.6067806217602453,1.213561949343138,-0.3988541991284881
0.2890000000000002,0.6064273116875643,1.212855330829704,-0.4015318942712463
0.2900000000000002,0.6060704622664815,1.2121416335110367,-0.40421684165430216
0.2910000000000002,0.6057100527157195,1.2114208158227058,-0.40690900583577533
0.2920000000000002,0.6053460622677951,1.2106928362278864,-0.40960835099279735
0.2930000000000002,0.6049784701708184,1.209957653220958,-0.41231484091831466
0.2940000000000002,0.6046072556903228,1.2092152253311652,-0.41502843901785974
0.2950000000000002,0.6042323981111274,1.208465511126346,-0.41774910830628853
0.2960000000000002,0.6038538767391984,1.2077084692166544,-0.42047681140473003
0.2970000000000002,0.6034716709036241,1.2069440582585143,-0.42321151053691664
0.2980000000000002,0.6030857599585863,1.2061722369585626,-0.4259531675257655
0.2990000000000002,0.6026961232853407,1.2053929640776124,-0.42870174379011916
0.3000000000000002,0.6023027402942517,1.2046061984347238,-0.4314572003413062
0.3010000000000002,0.601905590426863,1.2038118989113487,-0.4342194977796618
0.3020000000000002,0.6015046531580086,1.2030100244555544,-0.43698859629101217
0.3030000000000002,0.6010999079979611,1.2022005340863204,-0.4397644556431175
0.3040000000000002,0.600691334494619,1.2013833868979162,-0.4425470351820753
0.3050000000000002,0.6002789122357328,1.2005585420643583,-0.4453362938286822
0.3060000000000002,0.599862620851178,1.199725958843952,-0.44813219007475447
0.3070000000000002,0.5994424400152609,1.1988855965839127,-0.450934681979404
0.3080000000000002,0.5990183494490774,1.1980374147250792,-0.45374372716527195
0.3090000000000002,0.5985903289229075,1.1971813728067104,-0.4565592828147162
0.3100000000000002,0.5981583582586607,1.196317430471374,-0.4593813056659538
0.3110000000000002,0.5977224173323636,1.195445547469927,-0.4622097520091565
0.3120000000000002,0.597282486076698,1.1945656836665919,-0.46504457768249774
0.3130000000000002,0.5968385444835829,1.193677799044125,-0.4678857380681522
0.3140000000000002,0.5963905726068093,1.1927818537090884,-0.4707331880882445
0.3150000000000002,0.5959385505647248,1.1918778078972199,-0.47358688220074696
0.3160000000000002,0.5954824585429686,1.1909656219789064,-0.47644677439532646
0.3170000000000002,0.59502227679726,1.1900452564647648,-0.47931281818913724
0.3180000000000002,0.5945579856562412,1.1891166720113262,-0.4821849666225605
0.31900000000000023,0.5940895655243738,1.1881798294268369,-0.4850631722548882
0.32000000000000023,0.5936169968848946,1.1872346896771675,-0.4879473871599509
0.32100000000000023,0.5931402603028274,1.186281213891841,-0.4908375629216881
0.32200000000000023,0.5926593364280526,1.185319363370176,-0.49373365062966024
0.32300000000000023,0.5921742059984416,1.1843490995875556,-0.49663560087450054
0.32400000000000023,0.5916848498430487,1.1833703842018144,-0.4995433637433065
0.32500000000000023,0.5911912488853697,1.182383179059759,-0.5024568888149685
0.32600000000000023,0.5906933841466631,1.1813874462038125,-0.5053761251554365
0.32700000000000023,0.5901912367493403,1.1803831478787972,-0.5083010213129204
0.32800000000000024,0.5896847879204208,1.1793702465388474,-0.511231525313026
0.32900000000000024,0.5891740189950602,1.1783487048544683,-0.5141675846538238
0.33000000000000024,0.588658911420147,1.1773184857197312,-0.5171091463008496
0.33100000000000024,0.5881394467579737,1.1762795522596186,-0.5200561566820349
0.33200000000000024,0.5876156066899805,1.1752318678375155,-0.5230085616825674
0.33300000000000024,0.5870873730205808,1.1741753960628591,-0.5259663066396789
0.33400000000000024,0.5865547276810568,1.1731101007989357,-0.5289293363373614
0.33500000000000024,0.5860176527335419,1.1720359461708465,-0.5318975950010058
0.33600000000000024,0.5854761303750825,1.1709528965736318,-0.5348710262919678
0.33700000000000024,0.5849301429417826,1.1698609166805654,-0.5378495733020549
0.33800000000000024,0.5843796729130356,1.1687599714516175,-0.5408331785479356
0.33900000000000025,0.5838247029158443,1.1676500261420988,-0.5438217839654681
0.34000000000000025,0.5832652157292297,1.1665310463114762,-0.5468153309039506
0.34100000000000025,0.5827011942887308,1.1654029978323799,-0.5498137601202855
0.34200000000000025,0.5821326216909999,1.1642658468997917,-0.5528170117730633
0.34300000000000025,0.5815594811984959,1.163119560040433,-0.5558250254165603
0.34400000000000025,0.5809817562442707,1.1619641041223412,-0.5588377399946515
0.34500000000000025,0.580399430436862,1.1607994463646547,-0.5618550938346345
0.34600000000000025,0.5798124875652861,1.159625554347601,-0.5648770246409668
0.34700000000000025,0.5792209116041356,1.1584423960226922,-0.5679034694889126
0.34800000000000025,0.5786246867187861,1.1572499397231413,-0.5709343648180996
0.34900000000000025,0.5780237972707145,1.1560481541744958,-0.5739696464259827
0.35000000000000026,0.5774182278229267,1.1548370085054975,-0.5770092494612161
0.35100000000000026,0.5768079631455024,1.1536164722591704,-0.5800531084169316
0.35200000000000026,0.5761929882212578,1.1523865154041477,-0.5831011571239201
0.35300000000000026,0.5755732882515279,1.1511471083462361,-0.5861533287437185
0.35400000000000026,0.5749488486620743,1.1498982219402294,-0.5892095557616007
0.35500000000000026,0.5743196551091148,1.1486398275019691,-0.592269769979468
0.35600000000000026,0.5736856934854841,1.1473718968206672,-0.5953339025086432
0.35700000000000026,0.5730469499269272,1.1460944021714865,-0.598401883762565
0.35800000000000026,0.5724034108185215,1.1448073163283923,-0.6014736434493814
0.35900000000000026,0.5717550628012452,1.1435106125772778,-0.6045491105644436
0.36000000000000026,0.5711018927786742,1.1422042647293664,-0.6076282133826978
0.36100000000000027,0.5704438879238323,1.1408882471349036,-0.6107108794509761
0.36200000000000027,0.5697810356861819,1.1395625346971374,-0.6137970355801851
0.36300000000000027,0.5691133237987626,1.1382271028865971,-0.6168866078373915
0.36400000000000027,0.5684407402854867,1.136881927755677,-0.6199795215378071
0.36500000000000027,0.5677632734685849,1.1355269859535273,-0.6230757012366701
0.36600000000000027,0.5670809119762128,1.1341622547412653,-0.6261750707210241
0.36700000000000027,0.566393644750218,1.132787712007503,-0.6292775530013952
0.36800000000000027,0.5657014610540723,1.1314033362842082,-0.6323830703033677
0.36900000000000027,0.5650043504809683,1.130009106762899,-0.6354915440590578
0.3700000000000003,0.5643023029620939,1.1286050033111792,-0.6386028948984886
0.3710000000000003,0.5635953087750725,1.1271910064896216,-0.6417170426408624
0.3720000000000003,0.562883358552584,1.1257670975690033,-0.6448339062857373
0.3730000000000003,0.56216644329117,1.1243332585479078,-0.6479534040041045
0.3740000000000003,0.5614445543602152,1.1228894721706848,-0.6510754531293707
0.3750000000000003,0.5607176835111213,1.1214357219457924,-0.6541999701482452
0.3760000000000003,0.559985822886669,1.1199719921645115,-0.6573268706915352
0.3770000000000003,0.5592489650305728,1.1184982679200526,-0.6604560695248509
0.3780000000000003,0.5585071028972316,1.1170145351270484,-0.6635874805392215
0.3790000000000003,0.5577602298616825,1.1155207805414509,-0.6667210167416273
0.3800000000000003,0.5570083397297507,1.1140169917808296,-0.6698565902454481
0.3810000000000003,0.5562514267484115,1.1125031573450823,-0.6729941122608333
0.3820000000000003,0.555489485616356,1.1109792666375604,-0.6761334930849958
0.3830000000000003,0.5547225114947716,1.10944530998662,-0.6792746420924352
0.3840000000000003,0.5539505000183336,1.1079012786675975,-0.6824174677250909
0.3850000000000003,0.5531734473064178,1.1063471649252243,-0.6855618774824364
0.3860000000000003,0.5523913499745287,1.1047829619964742,-0.6887077779115108
0.3870000000000003,0.5516042051459531,1.1032086641338597,-0.6918550745969027
0.3880000000000003,0.5508120104636383,1.1016242666291787,-0.695003672150683
0.3890000000000003,0.5500147641022937,1.100029765837709,-0.6981534742023008
0.3900000000000003,0.5492124647807279,1.0984251592028678,-0.7013043833884427
0.3910000000000003,0.5484051117744128,1.0968104452813323,-0.7044563013428686
0.3920000000000003,0.5475927049286523,1.0951856237693667,-0.7076091286847861
0.3930000000000003,0.5467752446715692,1.09355069552878,-0.7107627650088931
0.3940000000000003,0.5459527320263677,1.0919056626114443,-0.7139171088790555
0.3950000000000003,0.5451251686255253,1.090250528287665,-0.7170720578154489
0.3960000000000003,0.5442925567245382,1.0885852970736598,-0.7202275082843901
0.3970000000000003,0.5434548992159065,1.08690997475952,-0.723383355688194
0.3980000000000003,0.5426121996433648,1.085224568437653,-0.7265394943550715
0.3990000000000003,0.5417644622163441,1.0835290865317038,-0.7296958175290784
0.4000000000000003,0.5409116918246835,1.0818235388259594,-0.7328522173601296
0.4010000000000003,0.5400538940535753,1.080107936495231,-0.7360085848940922
0.4020000000000003,0.5391910751987542,1.0783822921352189,-0.7391648100629672
0.4030000000000003,0.5383232422819195,1.0766466197933484,-0.7423207816751833
0.4040000000000003,0.5374504030664016,1.0749009350000869,-0.7454763874060103
0.4050000000000003,0.5365725660730541,1.0731452548007228,-0.7486315137881122
0.4060000000000003,0.5356897405963867,1.071379597787617,-0.7517860462022603
0.4070000000000003,0.5347623938686488,1.0695250753770982,-0.7550796619776049
0.4080000000000003,0.5338290877944352,1.0676584558512079,-0.7583745297366762
0.4090000000000003,0.5328897471289298,1.0657797671345701,-0.7616705364139306
0.4100000000000003,0.5319443644772753,1.063888994469963,-0.7649675818008876
0.4110000000000003,0.5309929330452131,1.061986124273062,-0.7682655644744049
0.4120000000000003,0.5300354466463247,1.0600711441752662,-0.7715643817755982
0.4130000000000003,0.5290718997204198,1.0581440430604745,-0.7748639297907745
0.4140000000000003,0.5281022873524004,1.05620481110281,-0.778164103332174
0.4150000000000003,0.5271266052916047,1.0542534398053012,-0.7814647959185231
0.4160000000000003,0.5261448499716395,1.0522899220395407,-0.7847658997554174
0.4170000000000003,0.5251570185307043,1.0503142520863302,-0.7880673057155446
0.4180000000000003,0.5241631088324208,1.0483264256773306,-0.7913689033187672
0.4190000000000003,0.5231631194871653,1.0463264400377212,-0.7946705807120739
0.4200000000000003,0.5221570498739179,1.044314293929889,-0.7979722246494276
0.4210000000000003,0.5211449001626257,1.0422899876981513,-0.8012737204715185
0.4220000000000003,0.5201266713370931,1.0402535233145236,-0.8045749520854517
0.4230000000000003,0.5191023652183951,1.0382049044255424,-0.8078758019443888
0.4240000000000003,0.5180719844888243,1.0361441364001462,-0.8111761510271659
0.4250000000000003,0.5170355327164189,1.0340712263787257,-0.814475878817757
0.4260000000000003,0.5159930143804824,1.031986183324151,-0.8177748632833383
0.4270000000000003,0.5149444348959814,1.0298890180705589,-0.8210729808576704
0.4280000000000003,0.5138898006402277,1.027779743376705,-0.8243701064189956
0.4290000000000003,0.5128291189794999,1.0256583739791987,-0.8276661132699713
0.4300000000000003,0.5117623982961998,1.0235249266468025,-0.830960873117773
0.4310000000000003,0.5106896480165402,1.0213794202357973,-0.8342542560543922
0.43200000000000033,0.5096108786387576,1.0192218757463978,-0.8375461305371802
0.43300000000000033,0.5085261017618498,1.0170523163802119,-0.840836363369673
0.43400000000000033,0.5074353301148241,1.0148707675987294,-0.8441248196827483
0.43500000000000033,0.506338577586456,1.012677257182825,-0.8474113629161588
0.43600000000000033,0.5052358592555414,1.0104718152932513,-0.8506958548004934
0.43700000000000033,0.5041271914221852,1.0082544745332016,-0.8539781553380001
0.43800000000000033,0.5030125916382516,1.006025270009202,-0.8572581227878416
0.43900000000000033,0.5018920787389167,1.0037842393942005,-0.8605356136499899
0.44000000000000034,0.5007656728750991,1.0015314229924208,-0.8638104826484816
0.44100000000000034,0.4996333955459918,0.9992668638044068,-0.867082582716375
0.44200000000000034,0.4984952696319854,0.9969906075928662,-0.8703517649814868
0.44300000000000034,0.49735131942797406,0.9947027029492636,-0.8736178787529942
0.44400000000000034,0.49620157067700676,0.9924032013611169,-0.8768807715089654
0.44500000000000034,0.49504605060426177,0.9900921572799344,-0.8801402888848991
0.44600000000000034,0.49388478795131185,0.987769628189734,-0.8833962746633539
0.44700000000000034,0.49271770844480256,0.9854357459645008,-0.8866485503609807
0.44800000000000034,0.49154505859428643,0.983090428120103,-0.8898969979477146
0.44900000000000034,0.4903667617227563,0.9807338166729449,-0.8931414340554031
0.45000000000000034,0.48918285297167646,0.9783659819405268,-0.89638169497345
0.45100000000000035,0.4879933691806819,0.9759869976165005,-0.8996176151071703
0.45200000000000035,0.48679834891557444,0.973596940846041,-0.9028490269744127
0.45300000000000035,0.48559783250352956,0.9711958922961922,-0.9060757612052764
0.45400000000000035,0.4843918620682428,0.9687839362260802,-0.9092976465436603
0.45500000000000035,0.4831804815649488,0.9663611605568809,-0.9125145098507426
0.45600000000000035,0.48196373681525523,0.9639276569414102,-0.9157261761105043
0.45700000000000035,0.4807416755417224,0.9614835208332109,-0.9189324684374017
0.45800000000000035,0.47951434740211885,0.9590288515549903,-0.9221332080863016
0.45900000000000035,0.47828180402327797,0.9565637523662643,-0.9253282144647909
0.46000000000000035,0.47704409903447975,0.9540883305300518,-0.9285173051479764
0.46100000000000035,0.47580128810027406,0.9516026973784565,-0.9317002958958915
0.46200000000000035,0.4745534289526592,0.9491069683769646,-0.934877000673624
0.46300000000000036,0.473300581422531,0.9466012631872854,-0.9380472316742855
0.46400000000000036,0.47204280747030514,0.9440857057285444,-0.9412107993449381
0.46500000000000036,0.4707801712156128,0.9415604242366346,-0.9443675124155981
0.46600000000000036,0.4695127389659823,0.9390255513215366,-0.9475171779314314
0.46700000000000036,0.46824057924438517,0.9364812240223884,-0.9506596012882557
0.46800000000000036,0.4669637628155546,0.9339275838600988,-0.9537945862714693
0.46900000000000036,0.46568236271095637,0.9313647768872825,-0.9569219350985129
0.47000000000000036,0.4643964542523029,0.928792953735289,-0.9600414484649782
0.47100000000000036,0.46310611507349136,0.9262122696580969,-0.9631529255944667
0.47200000000000036,0.4618114251408507,0.9236228845728318,-0.9662561642923058
0.47300000000000036,0.4605124667715694,0.9210249630966717,-0.9693509610032157
0.47400000000000037,0.4592093246501886,0.9184186745798875,-0.9724371108730252
0.47500000000000037,0.45790208584302716,0.915804193134774,-0.9755144078145199
0.47600000000000037,0.4565908398104167,0.913181697660216,-0.9785826445775069
0.47700000000000037,0.4552756784166967,0.9105513718617921,-0.9816416128229856
0.47800000000000037,0.4539566959384633,0.907913404268409,-0.9846911032000675
0.47900000000000037,0.45263398906755264,0.9052679882384316,-0.9877309054335194
0.48000000000000037,0.45130765691428465,0.9026153219663475,-0.9907608084088775
0.48100000000000037,0.4499778010068169,0.8999556084816853,-0.9937806002645229
0.4820000000000004,0.4486444885346127,0.8972890821479305,-0.9967900619831991
0.4830000000000004,0.4473079058760441,0.8946158979809707,-0.999788994694669
0.4840000000000004,0.4459681176952407,0.8919363051642007,-1.0027771770550897
0.4850000000000004,0.44462523515920543,0.8892505259127493,-1.0057543952332608
0.4860000000000004,0.4432793718113421,0.8865587871719868,-1.0087204351806651
0.4870000000000004,0.4419306435512538,0.8838613205775476,-1.011675082750642
0.4880000000000004,0.4405791686114458,0.8811583624076449,-1.0146181238220455
0.4890000000000004,0.43922506753001345,0.8784501535273661,-1.0175493444278294
0.4900000000000004,0.43786846312068023,0.8757369393276745,-1.02046853088533
0.4910000000000004,0.436509480437167,0.8730189696531081,-1.0233754699344686
0.4920000000000004,0.43514824673440317,0.8702964987231682,-1.0262699488781513
0.4930000000000004,0.4337848914261083,0.8675697850464926,-1.0291517557256058
0.4940000000000004,0.43241942512353426,0.8648391773731419,-1.0320206574244666
0.4950000000000004,0.4310523441615826,0.8621046843659647,-1.0348765095807013
0.4960000000000004,0.42968342137936966,0.8593668349242762,-1.0377190374935568
0.4970000000000004,0.42831291523010195,0.8566258176335483,-1.0405480554271924
0.4980000000000004,0.426940965131001,0.8538819108549833,-1.0433633572126657
0.4990000000000004,0.4255677123134246,0.851135396543481,-1.0461647383242842
0.5000000000000003,0.4241932997502483,0.8483865601029748,-1.0489519960450182
0.5010000000000003,0.4228178720796307,0.8456356902334424,-1.051724929633804
0.5020000000000003,0.42144157552342404,0.8428830787673028,-1.0544833404969964
0.5030000000000003,0.4200645578027937,0.8401290205003251,-1.0572270323585704
0.5040000000000003,0.41868692038054933,0.8373738466353736,-1.059955802649674
0.5050000000000003,0.41730889577948377,0.8346177995836068,-1.062669475420442
0.5060000000000003,0.41593059861299536,0.8318612080062698,-1.0653678555252126
0.5070000000000003,0.4145521813407417,0.8291043769442766,-1.0680507576288145
0.5080000000000003,0.4131737974231428,0.8263476134548876,-1.0707179995716267
0.5090000000000003,0.41179560121056963,0.8235912263910659,-1.0733694025479061
0.5100000000000003,0.410417747834225,0.820835526184003,-1.0760047912734754
0.5110000000000003,0.4090403930924689,0.8180808246165024,-1.078623994154791
0.5120000000000003,0.40766369333431524,0.8153274345906942,-1.0812268434559356
0.5130000000000003,0.4062878053403317,0.8125756698905101,-1.083813175463115
0.5140000000000003,0.4049128862011636,0.809825844939378,-1.086382830646219
0.5150000000000003,0.4035390931939139,0.8070782745535847,-1.0889356538170403
0.5160000000000003,0.40216658365665864,0.8043332736918652,-1.0914714942836785
0.5170000000000003,0.4007955148613447,0.8015911572016963,-1.0939902060007602
0.5180000000000003,0.3994260438853436,0.7988522395628564,-1.096491647715014
0.5190000000000003,0.39805832748196107,0.7961168346288247,-1.098975683105823
0.5200000000000004,0.39669252195302845,0.7933852553722833,-1.1014421809152144
0.5210000000000004,0.3953287830146037,0.790657813616767,-1.1038910150837187
0.5220000000000004,0.39396738355281274,0.7879347337107633,-1.1063220852702196
0.5230000000000004,0.39260826119543174,0.7852164823179193,-1.1087352386503586
0.5240000000000004,0.3912516701922398,0.7825032925577392,-1.1111303830066204
0.5250000000000004,0.3898977628337291,0.7797954688798124,-1.1135074142699182
0.5260000000000004,0.38854669018793725,0.777093313276999,-1.1158662341168666
0.5270000000000004,0.38719860197048145,0.7743971250257566,-1.1182067500617967
0.5280000000000004,0.3858536464185217,0.7717072004336528,-1.1205288755371998
0.5290000000000004,0.38451197017618177,0.7690238326098096,-1.1228325299496755
0.5300000000000004,0.3831737181682644,0.7663473112119777,-1.1251176387517312
0.5310000000000004,0.38183903348178405,0.7636779222092676,-1.1273841334957986
0.5320000000000004,0.380508057250334,0.7610159476505892,-1.129631951879528
0.5330000000000004,0.37918092854155966,0.7583616654393414,-1.1318610377822562
0.5340000000000004,0.3778577842479972,0.7557153491148775,-1.1340713412925756
0.5350000000000004,0.37653875898152694,0.7530772676412338,-1.1362628187269521
0.5360000000000004,0.3752239849716637,0.7504476852035883,-1.1384354326394037
0.5370000000000004,0.37391359196794466,0.7478268610129579,-1.140589151822168
0.5380000000000004,0.3726077071465354,0.7452150491193876,-1.1427239512975638
0.5390000000000004,0.37130645502132875,0.7426124982341695,-1.1448398123009655
0.5400000000000004,0.37000975674598374,0.7400196015346707,-1.146936689124267
0.5410000000000004,0.3687181073412254,0.7374363156220396,-1.149014637537058
0.5420000000000004,0.3674314448703272,0.7348630051249321,-1.1510736277582798
0.5430000000000004,0.36614988221947353,0.7322998959587927,-1.1531136655045697
0.5440000000000004,0.3648735292325013,0.7297472079632155,-1.1551347624917268
0.5450000000000004,0.36360249265177935,0.7272051547838244,-1.157136936367897
0.5460000000000004,0.36233687605768816,0.7246739437513785,-1.1591202106497103
0.5470000000000004,0.36107677983899017,0.722153775822615,-1.161084614611131
0.5480000000000004,0.35982230113230246,0.7196448454592834,-1.1630301832223464
0.5490000000000004,0.3585735337897022,0.7171473405634106,-1.1649569570461453
0.5500000000000004,0.3573305683463803,0.7146614424126266,-1.1668649821363781
0.5510000000000004,0.35609349199362705,0.7121873256061342,-1.1687543099304298
0.5520000000000004,0.3548623885571183,0.7097251580212329,-1.1706249971360627
0.5530000000000004,0.35363733848043083,0.7072751007802736,-1.1724771056129886
0.5540000000000004,0.35241841881855246,0.7048373082375797,-1.1743107022422659
0.5550000000000004,0.35120570322222955,0.7024119279479909,-1.1761258588126517
0.5560000000000004,0.3499995244706902,0.6999989008070675,-1.1779226936527085
0.5570000000000004,0.34879945250397165,0.697598738845769,-1.1797012087919925
0.5580000000000004,0.34760578757809424,0.6952113891728016,-1.1814615276812486
0.5590000000000004,0.3464185899315413,0.6928369721248459,-1.1832037403793643
0.5600000000000004,0.3452379164471618,0.6904756013247402,-1.1849279411527127
0.5610000000000004,0.344063820674916,0.6881273837230495,-1.1866342283283258
0.5620000000000004,0.342896352857311,0.6857924196489336,-1.1883227041450122
0.5630000000000004,0.3417355599587313,0.6834708028688299,-1.189993474602967
0.5640000000000004,0.3405814856972792,0.6811626206501687,-1.1916466493139584
0.5650000000000004,0.3394341705692673,0.678867953810412,-1.1932823413661378
0.5660000000000004,0.33829365191580985,0.676586876850333,-1.1949006671330156
0.5670000000000004,0.3371599639524777,0.6743194580134036,-1.196501746139878
0.5680000000000004,0.336033137815327,0.6720657593779835,-1.19808570091099
0.5690000000000004,0.33491320162060034,0.6698258369768575,-1.1996526568020527
0.5700000000000004,0.33380018050135973,0.6675997408706545,-1.2012027418694546
0.5710000000000004,0.33269409665887095,0.6653875152507959,-1.202736086722855
0.5720000000000004,0.3315946167259252,0.6631894715224894,-1.2042527701563432
0.5730000000000004,0.3305024298004347,0.661005122290049,-1.2057530309147428
0.5740000000000004,0.32941722734279827,0.6588347440798024,-1.2072369567017356
0.5750000000000004,0.328339020308269,0.656678358916035,-1.208704686811411
0.5760000000000004,0.3272678170154365,0.6545359835697404,-1.2101563623525602
0.5770000000000004,0.3262036232159211,0.6524076296824943,-1.2115921261099671
0.5780000000000004,0.3251464421594979,0.6502933038966268,-1.2130121224076413
0.5790000000000004,0.32409627465360913,0.6481930079741769,-1.2144164969834428
0.5800000000000004,0.32305311914323154,0.6461067389565143,-1.2158053968402882
0.5810000000000004,0.3220169717733914,0.6440344892892744,-1.2171789701244964
0.5820000000000004,0.3209878264714059,0.6419762469867092,-1.218537365981647
0.5830000000000004,0.31996567498313544,0.6399319957040837,-1.219880734476783
0.5840000000000004,0.3189505069575708,0.6379017149066859,-1.2212092264539016
0.5850000000000004,0.31794231001522166,0.6358853800064586,-1.2225229934204118
0.5860000000000004,0.31694106981641107,0.6338829624984138,-1.2238221874349862
0.5870000000000004,0.3159472107739551,0.6318940842754877,-1.225107026725461
0.5880000000000004,0.3149598699835057,0.6299193721003105,-1.2263775379845423
0.5890000000000004,0.31397943418603863,0.6279584677226608,-1.22763393505445
0.5900000000000004,0.31300588198608137,0.626011328195533,-1.228876371179343
0.5910000000000004,0.31203919035672883,0.6240779073442999,-1.2301049996384497
0.5920000000000004,0.3110793347212438,0.6221581558915414,-1.2313199736537523
0.5930000000000004,0.31012628901048045,0.6202520215719736,-1.232521446311481
0.5940000000000004,0.30918002572656833,0.6183594492599129,-1.2337095704779508
0.5950000000000004,0.3082405160055414,0.6164803810946112,-1.23488449871904
0.5960000000000004,0.3073077296776587,0.6146147566010219,-1.236046383224711
0.5970000000000004,0.3063816353135362,0.6127625127821401,-1.2371953757531984
0.5980000000000004,0.30546220031623883,0.61092358430335,-1.2383316275200427
0.5990000000000004,0.30454939096308686,0.6090979035761128,-1.2394552891518067
0.6000000000000004,0.30364317246286304,0.6072854008725307,-1.2405665106222334
0.6010000000000004,0.30274299066328364,0.6054864161343219,-1.2416653658554493
0.6020000000000004,0.30184980674733675,0.6037000834721609,-1.242752148506329
0.6030000000000004,0.30096310117295,0.6019267098457801,-1.2438269360689178
0.6040000000000004,0.3000828353585258,0.600166218122548,-1.244889875321664
0.6050000000000004,0.29920896989351925,0.5984185295881823,-1.2459411121139239
0.6060000000000004,0.2983414646144073,0.5966835640246096,-1.2469807913240278
0.6070000000000004,0.2974802786529656,0.5949612398064388,-1.2480090568164628
0.6080000000000004,0.2966253704832021,0.5932514739947573,-1.2490260514017675
0.6090000000000004,0.29577669797898,0.5915541824522682,-1.2500319167848397
0.6100000000000004,0.2949342184416998,0.5898692798986083,-1.2510267935497932
0.6110000000000004,0.29409788864222197,0.5881966799940634,-1.2520108211286018
0.6120000000000004,0.29326766488423245,0.5865362954661939,-1.2529841377454456
0.6130000000000004,0.2924435030112835,0.5848880381238754,-1.2539468804280316
0.6140000000000004,0.29162593730972386,0.5832513544913154,-1.2548992672339696
0.6150000000000004,0.29081380505800364,0.5816270513849026,-1.2558412736732183
0.6160000000000004,0.2900076020295733,0.5800146045867682,-1.2567731100140045
0.6170000000000004,0.28920728279076036,0.5784139230180405,-1.2576949081998663
0.6180000000000004,0.2884128016053294,0.5768249151118101,-1.258606798845364
0.6190000000000004,0.28762411250924613,0.57524748884396,-1.2595089112263762
0.6200000000000004,0.2868411693420151,0.573681551795883,-1.2604013732663697
0.6210000000000004,0.2860639257768091,0.5721270112148205,-1.2612843115243657
0.6220000000000004,0.28529233534944065,0.570583774071859,-1.2621578511845353
0.6230000000000004,0.2845263514793456,0.5690517471039536,-1.2630221160550448
0.6240000000000004,0.2837659275098376,0.5675308368945439,-1.2638772285453181
0.6250000000000004,0.28301101672554285,0.5660209499084595,-1.2647233096693578
0.6260000000000004,0.28226095363403986,0.5645224933833707,-1.2655603927896704
0.6270000000000004,0.2815168891858517,0.5630344045292328,-1.2663887632387623
0.6280000000000004,0.28077819560942463,0.5615570597627318,-1.2672084566857338
0.6290000000000004,0.28004482618146587,0.5600903655534772,-1.268019588529023
0.6300000000000004,0.27931673418117586,0.5586342285430123,-1.2688222727435576
0.6310000000000004,0.2785938729617339,0.5571885555220621,-1.269616621897594
0.6320000000000005,0.2778761959689646,0.5557532534678027,-1.2704027471549189
0.6330000000000005,0.27716365675909854,0.5543282295793572,-1.2711807582779795
0.6340000000000005,0.27645620901569,0.5529133913115449,-1.2719507636319016
0.6350000000000005,0.27575380656567533,0.5515086464069583,-1.2727128701893298
0.6360000000000005,0.2750564033946216,0.550113902926409,-1.2734671835360525
0.6370000000000005,0.27436395366119554,0.5487290692777921,-1.2742138078773635
0.6380000000000005,0.27367708593950263,0.547353503934502,-1.2749529383815132
0.6390000000000005,0.2729944469876149,0.5459881831510263,-1.2756844972547356
0.6400000000000005,0.27231662693568076,0.5446324982603246,-1.2764086717567296
0.6410000000000005,0.2716435809063202,0.543286359198346,-1.2771255606656622
0.6420000000000005,0.27097526417384343,0.5419496764384379,-1.2778352614094697
0.6430000000000005,0.27031163226414445,0.540622360956169,-1.2785378700799954
0.6440000000000005,0.26965264095161146,0.5393043242231091,-1.279233481456802
0.6450000000000005,0.2689982462851685,0.5379954782590076,-1.2799221889998604
0.6460000000000005,0.26834840458174347,0.5366957356187165,-1.2806040848765123
0.6470000000000005,0.26770307243196667,0.5354050094036589,-1.2812792599751173
0.6480000000000005,0.26706220671383407,0.5341232132892019,-1.2819478039101377
0.6490000000000005,0.26506659899760715,0.5301342476821526,-1.2840161160888985
0.6500000000000005,0.26306620090473737,0.5261334662332601,-1.286071443822527
0.6510000000000005,0.26106100274459804,0.5221230843199053,-1.288112823762884
0.6520000000000005,0.2590511170261389,0.5181033274850407,-1.2901400970455927
0.6530000000000005,0.25703665571689677,0.5140744196662189,-1.2921531093350611
0.6540000000000005,0.2550177588067129,0.51003607989949,-1.2941519016747158
0.6550000000000005,0.2529944795920062,0.5059895295884124,-1.2961359473521628
0.6560000000000005,0.25096695650129214,0.5019344917158649,-1.2981052952704255
0.6570000000000005,0.24893529847613022,0.4978711840975632,-1.3000598086704744
0.6580000000000005,0.2468996135209219,0.4937998227439925,-1.3019993551718834
0.6590000000000005,0.24486000864083407,0.4897206216672045,-1.3039238067901378
0.6600000000000005,0.242816589778837,0.4856337927548849,-1.3058330399251403
0.6610000000000005,0.2407694617553977,0.4815395456497412,-1.3077269353443925
0.6620000000000005,0.23871872821087414,0.4774380876342901,-1.3096053781610224
0.6630000000000005,0.23666449155064456,0.4733296235211187,-1.3114682578068333
0.6640000000000005,0.23460685289299754,0.46921435554866325,-1.3133154680005577
0.6650000000000005,0.2325459120198004,0.4650924832825475,-1.3151469067115074
0.6660000000000005,0.2304817673299531,0.4609642035224908,-1.316962476118816
0.6670000000000005,0.22841451579562908,0.45682971021479013,-1.3187620825664779
0.6680000000000005,0.2263442529212952,0.4526891943703608,-1.320545636514385
0.6690000000000005,0.22427107270549615,0.4485428439883051,-1.322313052485578
0.6700000000000005,0.22219506760537971,0.44439084398496403,-1.324064249009913
0.6710000000000005,0.22011632850393698,0.44023337612839786,-1.3257991485643688
0.6720000000000005,0.2180349446799205,0.4360706189782231,-1.3275176775101938
0.6730000000000005,0.2159510037804003,0.4319027478307251,-1.3292197660271203
0.6740000000000005,0.2138645917959123,0.42772993466915504,-1.330905348044843
0.6750000000000005,0.21177579303814756,0.4235523481191089,-1.3325743611719854
0.6760000000000005,0.20968469012012603,0.419370153408877,-1.3342267466227482
0.6770000000000005,0.20759136393879793,0.4151835123346448,-1.3358624491414586
0.6780000000000005,0.20549589366000628,0.4109925832304195,-1.337481416925208
0.6790000000000005,0.20339835670574485,0.4067975209425485,-1.339083601544778
0.6800000000000005,0.20129882874364502,0.4025984768086902,-1.3406689578640574
0.6810000000000005,0.1991973836786149,0.398395598641095,-1.3422374439581186
0.6820000000000005,0.1970940936465602,0.39418903071404765,-1.3437890210301504
0.6830000000000005,0.1949890290101107,0.38997891375531946,-1.345323653327415
0.6840000000000005,0.19288225835627354,0.3857653849414768,-1.3468413080563981
0.6850000000000005,0.19077384849593798,0.38154857789689006,-1.3483419552973237
0.6860000000000005,0.18866386446514977,0.37732862269628414,-1.3498255679181765
0.6870000000000005,0.18655236952807927,0.3731056458706743,-1.3512921214883988
0.6880000000000005,0.1844394251816007,0.3688797704165264,-1.3527415941923862
0.6890000000000005,0.18232509116140655,0.3646511158079849,-1.3541739667429398
0.6900000000000005,0.18020942544957588,0.3604197980120112,-1.355589222294785
0.6910000000000005,0.17809248428351931,0.3561859295062743,-1.3569873463582913
0.6920000000000005,0.17597432216622413,0.3519496192996411,-1.3583683267135087
0.6930000000000005,0.17385499187772196,0.3477109729551123,-1.3597321533246214
0.6940000000000005,0.17173454448770445,0.34347009261505596,-1.3610788182549292
0.6950000000000005,0.1696130293692136,0.33922707702858723,-1.3624083155824516
0.6960000000000005,0.16749049421333415,0.33498202158095414,-1.3637206413162366
0.6970000000000005,0.1653669850448169,0.33073501832478625,-1.3650157933134668
0.6980000000000005,0.16324254623856552,0.3264861560130675,-1.366293771197428
0.6990000000000005,0.16111722053691843,0.32223552013370144,-1.3675545762764196
0.7000000000000005,0.15899104906766148,0.31798319294553734,-1.368798211463668
0.7010000000000005,0.1568640713627073,0.31372925351573017,-1.370024681198294
0.7020000000000005,0.15473632537738247,0.3094737777583154,-1.3712339913674023
0.7030000000000005,0.15260784751016326,0.3052168384736811,-1.3724261492293777
0.7040000000000005,0.1504786726220261,0.30095850538727037,-1.3736011633388634
0.7050000000000005,0.14834883405942895,0.2966988451955439,-1.374759043471202
0.7060000000000005,0.14621837553174127,0.29243738413101283,-1.3758999119860036
0.7070000000000005,0.14408730353137678,0.28817525003541433,-1.3770235579229924
0.7080000000000005,0.14195565900625684,0.2839119711255281,-1.3781301057736872
0.7090000000000005,0.1398234694565912,0.2796476023272788,-1.3792195694957285
0.7100000000000005,0.13769076097343103,0.2753821958253205,-1.3802919639012428
0.7110000000000005,0.1355575582630764,0.2711158010348579,-1.3813473046053286
0.7120000000000005,0.13342388466953597,0.2668484646465575,-1.3823856079610777
0.7130000000000005,0.13128976219706198,0.2625802306716182,-1.3834068909959718
0.7140000000000005,0.12915521153272586,0.2583111404869217,-1.3844111713496672
0.7150000000000005,0.12702025206899806,0.2540412328801957,-1.3853984672131503
0.7160000000000005,0.1248849019263035,0.24977054409512295,-1.3863687972692784
0.7170000000000005,0.12274917797551972,0.24549910787634138,-1.3873221806346818
0.7180000000000005,0.1206130958603902,0.24122695551426876,-1.3882586368030325
0.7190000000000005,0.1184766700198312,0.2369541158897186,-1.3891781855896566
0.7200000000000005,0.11633991371010007,0.2326806155182386,-1.390080847077481
0.7210000000000005,0.11420283902680545,0.22840647859413077,-1.390966641564307
0.7220000000000005,0.11206545692673739,0.22413172703411377,-1.3918355895113763
0.7230000000000005,0.10992777724949933,0.21985638052058631,-1.3926877114932346
0.7240000000000005,0.10778980873807877,0.21558045654277158,-1.393523028149171
0.7250000000000005,0.1056515590611927,0.2113039704414078,-1.394341560135108
0.7260000000000005,0.10351303483438773,0.2070269354509498,-1.395143328077134
0.7270000000000005,0.10137424164020131,0.20274936273989297,-1.3959283525264838
0.7280000000000005,0.09923518404854431,0.19847126145154004,-1.3966966539154917
0.7290000000000005,0.09709586563679379,0.19419263874418613,-1.3974482525146916
0.7300000000000005,0.09495628900958276,0.18991349983070194,-1.3981831683910357
0.7310000000000005,0.09281645581828063,0.18563384801749394,-1.39890142136721
0.7320000000000005,0.09067636678015206,0.18135368474282448,-1.3996030309820133
0.7330000000000005,0.08853602169718945,0.17707300961447714,-1.4002880164517808
0.7340000000000005,0.08639541947460921,0.1727918204467523,-1.4009563966328091
0.7350000000000005,0.08425455813900926,0.16851011329678145,-1.4016081899847759
0.7360000000000005,0.08211343485617836,0.16422788250014908,-1.4022434145350997
0.7370000000000005,0.07997204594855688,0.1599451207058148,-1.4028620878442362
0.7380000000000005,0.07783038691234306,0.15566181891032704,-1.4034642269718636
0.7390000000000005,0.0756884524342408,0.1513779664913219,-1.4040498484439334
0.7400000000000005,0.07354623640785003,0.14709355124030288,-1.4046189682205663
0.7410000000000005,0.07140373194969363,0.14280855939469916,-1.4051716016647444
0.7420000000000005,0.06926093141488339,0.13852297566919664,-1.4057077635117967
0.7430000000000005,0.06711782641242103,0.13423678328634403,-1.4062274678396198
0.7440000000000005,0.06497440782013694,0.1299499640064301,-1.4067307280396335
0.7450000000000006,0.062830665799264,0.12566249815663427,-1.40721755678842
0.7460000000000006,0.06068658980864993,0.12137436465945345,-1.4076879660200308
0.7470000000000006,0.058542168618606394,0.11708554106040114,-1.4081419668989283
0.7480000000000006,0.056397390324398396,0.11279600355498887,-1.4085795697935377
0.7490000000000006,0.05425224235937457,0.10850572701498779,-1.409000784250377
0.7500000000000006,0.052106708742693075,0.10421412183918932,-1.4094056593439372
0.7510000000000006,0.049960780765071655,0.0999222778095965,-1.409794121045529
0.7520000000000006,0.04781444155879421,0.09562961161827865,-1.4101662177165468
0.7530000000000006,0.045667676032963865,0.09133609299948164,-1.4105219553727304
0.7540000000000006,0.043520468495581374,0.08704169057300892,-1.4108613390801432
0.7550000000000006,0.0413728026640912,0.08274637177764255,-1.4111843729383449
0.7560000000000006,0.03922466167606671,0.07845010289250087,-1.411491060057828
0.7570000000000006,0.037076028099557026,0.07415284905773278,-1.4117814025378201
0.7580000000000006,0.03492688394310114,0.06985457429454894,-1.4120554014444284
0.7590000000000006,0.03277721066541054,0.06555524152458925,-1.4123130567891027
0.7600000000000006,0.030626989184725895,0.0612548125886368,-1.4125543675073922
0.7610000000000006,0.028476199887850592,0.05695324826468895,-1.41277933143797
0.7620000000000006,0.026324822638865146,0.05265050828538609,-1.4129879453019054
0.7630000000000006,0.024172836787526193,0.048346551354813194,-1.4131802046821558
0.7640000000000006,0.022020221177353437,0.0440413351646759,-1.4133561040032565
0.7650000000000006,0.019866954153409562,0.039734816409862705,-1.4135156365111878
0.7660000000000006,0.01771301356977604,0.03542695080339753,-1.4136587942533936
0.7670000000000006,0.015558376796728363,0.031117693090794596,-1.4137855680589293
0.7680000000000006,0.013403020727616108,0.02680699706381906,-1.413895947518719
0.7690000000000006,0.011246921785446739,0.022494815573659954,-1.4139899209658924
0.7700000000000006,0.009090055929188252,0.018181100543535278,-1.4140674754561948
0.7710000000000006,0.006932398659782596,0.013865802980722153,-1.4141285967484336
0.7720000000000006,0.0047739250258757235,0.009548872988021317,-1.4141732692849407
0.7730000000000006,0.0026146096298029376,0.005230259775729662,-1.414201476172037
0.7740000000000006,0.0004544266317171152,0.000909911669898178,-1.4142131991605005
0.7750000000000006,-0.0017066502449793516,-0.0034122238767972934,-1.4142084186259456
0.7760000000000006,-0.0038686477089902496,-0.007736200275768157,-1.414187113549163
0.7770000000000006,-0.006031592896747174,-0.012062071793751405,-1.4141492614963713
0.7780000000000006,-0.008195513368289768,-0.01638989354456677,-1.4140948385993632
0.7790000000000006,-0.010360437103405428,-0.020719721481393005,-1.414023819535526
0.7800000000000006,-0.012526392498947448,-0.025051612391399303,-1.4139361775076715
0.7810000000000006,-0.014693408364196487,-0.02938562388646704,-1.413831884223779
0.7820000000000006,-0.016861513917561737,-0.033721814396586614,-1.4137109098765313
0.7830000000000006,-0.01903073878426679,-0.03806024316522616,-1.4135732231226141
0.7840000000000006,-0.02120111299373112,-0.042400970244089065,-1.4134187910617944
0.7850000000000006,-0.023372666977190964,-0.046744056488353114,-1.4132475792157508
0.7860000000000006,-0.025545431565559072,-0.05108956355238481,-1.4130595515066346
0.7870000000000006,-0.0277194538036998,-0.05543813686099186,-1.4128546457474784
0.7880000000000006,-0.02989473431593019,-0.059788683701666234,-1.4126328692911307
0.7890000000000006,-0.03207132032078798,-0.06414184115634647,-1.4123941588529
0.7900000000000006,-0.034249244234454496,-0.06849767414865826,-1.412138471729661
0.7910000000000006,-0.03642853886287233,-0.07285624828466575,-1.4118657635112493
0.7920000000000006,-0.038609237404962575,-0.07721762995623183,-1.4115759880522478
0.7930000000000006,-0.040791373449487876,-0.08158188633475916,-1.4112690974483872
0.7940000000000006,-0.04297498097608897,-0.08594908537325874,-1.4109450420120304
0.7950000000000006,-0.04516009435519634,-0.0903192958061686,-1.4106037702473413
0.7960000000000006,-0.0473467483481623,-0.09469258714961382,-1.4102452288249685
0.7970000000000006,-0.0495349781076134,-0.09906902970210751,-1.4098693625562202
0.7980000000000006,-0.051724819178020146,-0.10344869454568384,-1.4094761143667065
0.7990000000000006,-0.053916307496486064,-0.1078316535474737,-1.4090654252694248
0.8000000000000006,-0.056109479393753735,-0.11221797936170952,-1.4086372343372604
0.8010000000000006,-0.05830437159542719,-0.11660774543216645,-1.4081914786748893
0.8020000000000006,-0.06050102122341243,-0.12100102599503681,-1.4077280933900411
0.8030000000000006,-0.06269946579757366,-0.12539789608223806,-1.4072470115641122
0.8040000000000006,-0.06489974323760675,-0.12979843152515347,-1.4067481642220931
0.8050000000000006,-0.06710189186512977,-0.13420270895880715,-1.4062314803017837
0.8060000000000006,-0.06930595040599172,-0.13861080582647545,-1.4056968866222745
0.8070000000000006,-0.07151195799279751,-0.1430228003847306,-1.4051443078516619
0.8080000000000006,-0.07371995416765471,-0.1474387717089276,-1.4045736664739643
0.8090000000000006,-0.07592997888513718,-0.15185879969912464,-1.4039848827552202
0.8100000000000006,-0.07814207251547453,-0.15628296508645423,-1.4033778747087235
0.8110000000000006,-0.08035627584795639,-0.16071134943992582,-1.4027525580593816
0.8120000000000006,-0.08257263009456542,-0.16514403517368237,-1.402108846207146
0.8130000000000006,-0.08479117689383572,-0.1695811055547114,-1.401446650189497
0.8140000000000006,-0.08701195831493867,-0.17402264471100581,-1.4007658786429378
0.8150000000000006,-0.08923501686199808,-0.17846873764018778,-1.4000664377634697
0.8160000000000006,-0.09146039547863694,-0.18291947021859256,-1.3993482312660097
0.8170000000000006,-0.09368813755275933,-0.18737492921082344,-1.3986111603427096
0.8180000000000006,-0.09591831469896543,-0.19183579990189625,-1.397855038394497
0.8190000000000006,-0.09815091657342234,-0.19630098690668352,-1.3970799282131625
0.8200000000000006,-0.1003860148073789,-0.20077116616181923,-1.3962856415116414
0.8210000000000006,-0.1026236546246191,-0.20524642820952488,-1.3954720689307376
0.8220000000000006,-0.10486388171481269,-0.2097268644200193,-1.3946390983789096
0.8230000000000006,-0.10710674224732859,-0.21421256712263526,-1.3937866149657816
0.8240000000000006,-0.10935228287588496,-0.21870362961513146,-1.3929145009522927
0.8250000000000006,-0.11160055074636033,-0.22320014617930617,-1.3920226356983303
0.8260000000000006,-0.11385159350161694,-0.2277022120906338,-1.3911108956101497
0.8270000000000006,-0.11610545929028288,-0.23220992363581816,-1.3901791540848143
0.8280000000000006,-0.11836219677435375,-0.23672337812798672,-1.3892272814535838
0.8290000000000006,-0.12062185513708078,-0.24124267392245302,-1.3882551449236293
0.8300000000000006,-0.12288448409114877,-0.24576791043306412,-1.3872626085180386
0.8310000000000006,-0.12515013388715274,-0.25029918814914,-1.3862495330140274
0.8320000000000006,-0.12741885532237945,-0.2548366086530236,-1.385215775879308
0.8330000000000006,-0.12969069974990002,-0.2593802746382554,-1.3841611912065412
0.8340000000000006,-0.1319657190879826,-0.2639302899283831,-1.3830856296458045
0.8350000000000006,-0.13424396582983328,-0.26848675949642864,-1.3819889383349988
0.8360000000000006,-0.1365254930536717,-0.27304978948502656,-1.3808709608281309
0.8370000000000006,-0.13881035443315345,-0.2776194872272516,-1.3797315370213756
0.8380000000000006,-0.14109860424814516,-0.28219596126815427,-1.3785705030768542
0.8390000000000006,-0.14339029739586587,-0.2867793213870248,-1.3773876913440246
0.8400000000000006,-0.1456854894024015,-0.29136967862040586,-1.3761829302786148
0.8410000000000006,-0.14798423643460606,-0.2959671452858754,-1.3749560443589854
0.8420000000000006,-0.15028659531240018,-0.30057183500662477,-1.3737068539998427
0.8430000000000006,-0.15259262352148095,-0.3051838627368594,-1.372435175463188
0.8440000000000006,-0.15490241827152879,-0.30980395424508367,-1.3711406772938948
0.8450000000000006,-0.1572159615957532,-0.3144310211405619,-1.3698234487327776
0.8460000000000006,-0.15953335086827977,-0.3190657793321605,-1.3684831547783045
0.8470000000000006,-0.16185464638297326,-0.32370834950136373,-1.3671195940963017
0.8480000000000006,-0.164179909161685,-0.3283588536772345,-1.365732560738581
0.8490000000000006,-0.16650920097770192,-0.33301741539117347,-1.36432184400548
0.8500000000000006,-0.16884258437172114,-0.33768415970887167,-1.3628872283342333
0.8510000000000006,-0.17118012266848956,-0.342359213263565,-1.3614284931835035
0.8520000000000006,-0.173521879995198,-0.34704270429280026,-1.3599454129132367
0.8530000000000006,-0.17586792129607698,-0.35173476266760395,-1.3584377566631947
0.8540000000000006,-0.17821831235218036,-0.35643551993201994,-1.3569052882244077
0.8550000000000006,-0.1805731198002205,-0.3611451093407554,-1.3553477659071682
0.8560000000000006,-0.18293241115204342,-0.36586366589809993,-1.3537649424044251
0.8570000000000007,-0.18529625481588607,-0.3705913264004127,-1.3521565646496245
0.8580000000000007,-0.1876647201156617,-0.37532822947465905,-1.3505223736713354
0.8590000000000007,-0.19003787731161112,-0.38007451561968153,-1.3488621044422986
0.8600000000000007,-0.19241579762454952,-0.38483032725465827,-1.3471754857210663
0.8610000000000007,-0.1947985532582909,-0.389595808763912,-1.3454622398897258
0.8620000000000007,-0.1971862174235227,-0.39437110654462404,-1.3437220827852805
0.8630000000000007,-0.1995788643625243,-0.3991563690562271,-1.341954723524842
0.8640000000000007,-0.20197656937476374,-0.4039517468715571,-1.3401598643243624
0.8650000000000007,-0.20437940884341144,-0.4087573927298347,-1.3383372003106226
0.8660000000000007,-0.2067875105474769,-0.4135740849285392,-1.3364862171946321
0.8670000000000007,-0.20920085426051785,-0.4184007488292817,-1.334606992020986
0.8680000000000007,-0.2116195684107146,-0.42323815281261756,-1.3326990026540644
0.8690000000000007,-0.21404373401422042,-0.4280864589994873,-1.3307619137823967
0.8700000000000007,-0.21647343330797844,-0.43294583183948565,-1.3287953819957221
0.8710000000000007,-0.2189087497935139,-0.43781643831032047,-1.3267990555057048
0.8720000000000007,-0.22134976827114528,-0.44269844798620805,-1.3247725739009808
0.8730000000000007,-0.22379657487564555,-0.4475920331091403,-1.3227155678923503
0.8740000000000007,-0.22624925711453833,-0.45249736866541623,-1.3206276590466468
0.8750000000000007,-0.22870790390328238,-0.45741463245595193,-1.3185084595137369
0.8760000000000007,-0.231172605606761,-0.46234400517919083,-1.3163575717382416
0.8770000000000007,-0.23364345408073894,-0.46728567051394676,-1.3141745881607543
0.8780000000000007,-0.23612054271499638,-0.4722398152055971,-1.3119590909066123
0.8790000000000007,-0.23860396647822588,-0.47720662915579737,-1.3097106514615713
0.8800000000000007,-0.24109382196478424,-0.48218630551590025,-1.307428830333715
0.8810000000000007,-0.24359020744340065,-0.48717904078427987,-1.3051131767008546
0.8820000000000007,-0.24609322290794283,-0.4921850349077692,-1.302763228042668
0.8830000000000007,-0.2486029701315193,-0.49720449138975975,-1.300378509755631
0.8840000000000007,-0.2511196134022625,-0.5022382486946186,-1.2979582771489708
0.8850000000000007,-0.25364313909077907,-0.5072852722251341,-1.2955025352151783
0.8860000000000007,-0.2561737131642041,-0.512346391472793,-1.2930105228811293
0.8870000000000007,-0.2587114451011167,-0.5174218254692494,-1.2904817129451374
0.8880000000000007,-0.2612564464473238,-0.5225117972655888,-1.2879155639852629
0.8890000000000007,-0.26380883089755686,-0.5276165342086471,-1.2853115198012786
0.8900000000000007,-0.2663687143675161,-0.5327362680849955,-1.2826690088899058
0.8910000000000007,-0.2689362150694635,-0.5378712352719885,-1.2799874438949208
0.8920000000000007,-0.2715114535926784,-0.5430216768985273,-1.2772662210294459
0.8930000000000007,-0.2740945529832382,-0.5481878390044638,-1.2745047194749097
0.8940000000000007,-0.2766856388326373,-0.5533699727176637,-1.2717023007452912
0.8950000000000007,-0.2792848393691459,-0.5585683344365412,-1.2688583080213662
0.8960000000000007,-0.28189228555379986,-0.563783186021839,-1.2659720654513518
0.8970000000000007,-0.28450811118133107,-0.5690147949982759,-1.263042877415796
0.8980000000000007,-0.28713245298636747,-0.5742634347667138,-1.2600700277544317
0.8990000000000007,-0.2897655217484287,-0.5795300247868757,-1.257052465802262
0.9000000000000007,-0.2924073213439099,-0.5848135908179026,-1.2539900445292111
0.9010000000000007,-0.29505806622711317,-0.5901150459942018,-1.2508816809676278
0.9020000000000007,-0.2977179060965635,-0.5954346897618001,-1.2477265681016647
0.9030000000000007,-0.30038699419849907,-0.6007728285443266,-1.2445238739141018
0.9040000000000007,-0.30306548749080026,-0.6061297761843975,-1.2412727402518666
0.9050000000000007,-0.30575354679650724,-0.6115058542503615,-1.2379722817065497
0.9060000000000007,-0.30845133696788896,-0.6169013923640864,-1.2346215844288053
0.9070000000000007,-0.3111590270623796,-0.622316728552448,-1.2312197048710312
0.9080000000000007,-0.3138767905237516,-0.6277522096092655,-1.2277656684624678
0.9090000000000007,-0.316604805380886,-0.6332081914923805,-1.2242584681968185
0.9100000000000007,-0.31934325445563133,-0.6386850397388811,-1.2206970631380167
0.9110000000000007,-0.32209232558463596,-0.6441831299082194,-1.2170803768327236
0.9120000000000007,-0.32485229518249137,-0.6497035101409733,-1.2134069168158512
0.9130000000000007,-0.32762319904726817,-0.655245277168393,-1.20967626960219
0.9140000000000007,-0.3304053211970373,-0.6608094787242422,-1.2058868803171443
0.9150000000000007,-0.33319887208832444,-0.6663965357257496,-1.2020375122827982
0.9160000000000007,-0.336004068525905,-0.6720068816592191,-1.198126883785004
0.9170000000000007,-0.3388211340125883,-0.6776409633976692,-1.1941536656594272
0.9180000000000007,-0.34165029910293016,-0.6832992419074303,-1.1901164788079988
0.9190000000000007,-0.34449180178471517,-0.68898219301016,-1.186013891537969
0.9200000000000007,-0.3473458878841008,-0.6946903081920747,-1.1818444167173467
0.9210000000000007,-0.3502128115063501,-0.7004240954842362,-1.1776065087163143
0.9220000000000007,-0.35309292831164474,-0.7061847469983509,-1.1732981287859914
0.9230000000000007,-0.3559863297081278,-0.7119715014486492,-1.168918443163474
0.9240000000000007,-0.3588933858418051,-0.7177855625571625,-1.164465300928047
0.9250000000000007,-0.36181438912344255,-0.7236275150704399,-1.1599368867690545
0.9260000000000007,-0.36474964301316015,-0.7294979656990277,-1.155331307806066
0.9270000000000007,-0.3676994627503149,-0.7353975446928365,-1.1506465886831254
0.9280000000000007,-0.37066417612305524,-0.741326907378168,-1.1458806663680179
0.9290000000000007,-0.373644124307556,-0.7472867358337956,-1.1410313845075422
0.9300000000000007,-0.3766397632752455,-0.7532784037791559,-1.136096011945239
0.9310000000000007,-0.3796512688526974,-0.7593013584204141,-1.13107310782295
0.9320000000000007,-0.3826791231167604,-0.7653570066125162,-1.125959748905212
0.9330000000000007,-0.385723730935442,-0.7714461578912378,-1.1207533380957977
0.9340000000000007,-0.38878551609652473,-0.7775696594852525,-1.1154511482712335
0.9350000000000007,-0.3918649227978257,-0.7837283994056674,-1.1100503125846604
0.9360000000000007,-0.39496241726717457,-0.7899233096810384,-1.1045478139312888
0.9370000000000007,-0.3980785998504017,-0.7961560424894949,-1.0989399434730518
0.9380000000000007,-0.4012137734219988,-0.8024263218779196,-1.0932243695160004
0.9390000000000007,-0.4043685852127914,-0.8087358723368934,-1.0873970541831435
0.9400000000000007,-0.40754360973664805,-0.8150858424790847,-1.0814542497299162
0.9410000000000007,-0.4107394547688764,-0.8214774472596642,-1.0753919862678243
0.9420000000000007,-0.41395676448568824,-0.8279119743583226,-1.0692060520194473
0.9430000000000007,-0.41719634483773255,-0.8343914824655526,-1.0628913778391569
0.9440000000000007,-0.42045868969976463,-0.8409160896231455,-1.0564443379635373
0.9450000000000007,-0.4237446884597964,-0.8474879968792149,-1.049859302274558
0.9460000000000007,-0.4270551709462719,-0.8541088630990501,-1.0431308418609568
0.9470000000000007,-0.43039102618744074,-0.8607804652938915,-1.0362531445260939
0.9480000000000007,-0.4337533431510046,-0.8675054248140521,-1.0292193133648608
0.9490000000000007,-0.437142894427399,-0.8742844265965295,-1.0220239004352487
0.9500000000000007,-0.4405609139012947,-0.8811203537283537,-1.0146590695787785
0.9510000000000007,-0.4440086050698733,-0.8880156117713862,-1.0071170034169306
0.9520000000000007,-0.44748742021463517,-0.8949735406180708,-0.9993885093152766
0.9530000000000007,-0.45099851214454667,-0.9019956040053787,-0.9914657317508679
0.9540000000000007,-0.4545435730645891,-0.9090855899733141,-0.9833379674200591
0.9550000000000007,-0.4581244672609014,-0.9162476422045573,-0.9749934637718716
0.9560000000000007,-0.46174280808600154,-0.9234841869699317,-0.9664215242597369
0.9570000000000007,-0.4654008270533226,-0.9308000679678065,-0.9576081319568919
0.9580000000000007,-0.4691010224040792,-0.9382006946610283,-0.9485376714926277
0.9590000000000007,-0.4728457100583278,-0.9456899042584932,-0.9391951717289677
0.9600000000000007,-0.4766379785591806,-0.953274247284096,-0.9295614466448396
0.9610000000000007,-0.48048135211605725,-0.9609612047142948,-0.9196147378828508
0.9620000000000007,-0.48437929446549943,-0.9687568722029893,-0.9093331955582646
0.9630000000000007,-0.48833653985115244,-0.9766715354041421,-0.8986880282140364
0.9640000000000007,-0.4923579813433787,-0.9847145500542719,-0.8876490903496601
0.9650000000000007,-0.49644938422898005,-0.9928970994924983,-0.8761811463050226
0.9660000000000007,-0.5006181185285089,-1.0012346584866259,-0.8642399550767719
0.9670000000000007,-0.5048723880063773,-1.0097432493831675,-0.8517760765628589
0.9680000000000007,-0.5092223525736927,-1.0184431913352265,-0.8387288631692593
0.9690000000000007,-0.5136805111010795,-1.0273594779431412,-0.8250241713106888
0.9700000000000008,-0.5182625202704361,-1.036523413212819,-0.8105696930031605
0.9710000000000008,-0.5229884184927027,-1.0459750561509331,-0.7952479853774349
0.9720000000000008,-0.5278847831875187,-1.0557678805053252,-0.7789042954686324
0.9730000000000008,-0.5329871492274763,-1.065972581835268,-0.7613325314949444
0.9740000000000008,-0.5383463681920332,-1.0766911223853362,-0.7422395079214049
0.9750000000000008,-0.5440379043415462,-1.0880740658936379,-0.7211918420015923
0.9760000000000008,-0.5501846122986233,-1.100367523671297,-0.6974871344099269
0.9770000000000008,-0.5570088617914861,-1.1140159160820406,-0.6698580370571621
0.9780000000000008,-0.5650067696723202,-1.1300115639808341,-0.6354851594163253
0.9790000000000008,-0.575971825866844,-1.1519416260084343,-0.5841979309239076
0.0,0.0,0.0,0.0
0.0,0.0,0.0,0.0
0.0,0.0,0.0,0.0
0.0,0.0,0.0,0.0
0.0,0.0,0.0,0.0
0.0,0.0,0.0,0.0
0.0,0.0,0.0,0.0
0.0,0.0,0.0,0.0
0.0,0.0,0.0,0.0
0.0,0.0,0.0,0.0
0.0,0.0,0.0,0.0
0.0,0.0,0.0,0.0
0.0,0.0,0.0,0.0
0.0,0.0,0.0,0.0
0.0,0.0,0.0,0.0
0.0,0.0,0.0,0.0
0.0,0.0,0.0,0.0
0.0,0.0,0.0,0.0
0.0,0.0,0.0,0.0
0.0,0.0,0.0,0.0
0.0,0.0,0.0,0.0
0.0,0.0,0.0,0.0
0.0,0.0,0.0,0.0
0.0,0.0,0.0,0.0
0.0,0.0,0.0,0.0
0.0,0.0,0.0,0.0
0.0,0.0,0.0,0.0
0.0,0.0,0.0,0.0
0.0,0.0,0.0,0.0
0.0,0.0,0.0,0.0
0.0,0.0,0.0,0.0
0.0,0.0,0.0,0.0
0.0,0.0,0.0,0.0
0.0,0.0,0.0,0.0
0.0,0.0,0.0,0.0
0.0,0.0,0.0,0.0
0.0,0.0,0.0,0.0
0.0,0.0,0.0,0.0
0.0,0.0,0.0,0.0
0.0,0.0,0.0,0.0
0.0,0.0,0.0,0.0
0.0,0.0,0.0,0.0
0.0,0.0,0.0,0.0
0.0,0.0,0.0,0.0
0.0,0.0,0.0,0.0
0.0,0.0,0.0,0.0
0.0,0.0,0.0,0.0
0.0,0.0,0.0,0.0
0.0,0.0,0.0,0.0
0.0,0.0,0.0,0.0
0.0,0.0,0.0,0.0
0.0,0.0,0.0,0.0
0.0,0.0,0.0,0.0
0.0,0.0,0.0,0.0
0.0,0.0,0.0,0.0
0.0,0.0,0.0,0.0
0.0,0.0,0.0,0.0
0.0,0.0,0.0,0.0
0.0,0.0,0.0,0.0
0.0,0.0,0.0,0.0
0.0,0.0,0.0,0.0
0.0,0.0,0.0,0.0
0.0,0.0,0.0,0.0
0.0,0.0,0.0,0.0
0.0,0.0,0.0,0.0
0.0,0.0,0.0,0.0
0.0,0.0,0.0,0.0
0.0,0.0,0.0,0.0
0.0,0.0,0.0,0.0
0.0,0.0,0.0,0.0
0.0,0.0,0.0,0.0
0.0,0.0,0.0,0.0
0.0,0.0,0.0,0.0
0.0,0.0,0.0,0.0
0.0,0.0,0.0,0.0
0.0,0.0,0.0,0.0
0.0,0.0,0.0,0.0
0.0,0.0,0.0,0.0
0.0,0.0,0.0,0.0
0.0,0.0,0.0,0.0
0.0,0.0,0.0,0.0
0.0,0.0,0.0,0.0
0.0,0.0,0.0,0.0
0.0,0.0,0.0,0.0
0.0,0.0,0.0,0.0
0.0,0.0,0.0,0.0
0.0,0.0,0.0,0.0
0.0,0.0,0.0,0.0
0.0,0.0,0.0,0.0
0.0,0.0,0.0,0.0
0.0,0.0,0.0,0.0
0.0,0.0,0.0,0.0
0.0,0.0,0.0,0.0
0.0,0.0,0.0,0.0
0.0,0.0,0.0,0.0
0.0,0.0,0.0,0.0
0.0,0.0,0.0,0.0
0.0,0.0,0.0,0.0
0.0,0.0,0.0,0.0
0.0,0.0,0.0,0.0
0.0,0.0,0.0,0.0
0.0,0.0,0.0,0.0
0.0,0.0,0.0,0.0
0.0,0.0,0.0,0.0
0.0,0.0,0.0,0.0
0.0,0.0,0.0,0.0
0.0,0.0,0.0,0.0
0.0,0.0,0.0,0.0
0.0,0.0,0.0,0.0
0.0,0.0,0.0,0.0
0.0,0.0,0.0,0.0
0.0,0.0,0.0,0.0
0.0,0.0,0.0,0.0
0.0,0.0,0.0,0.0
0.0,0.0,0.0,0.0
0.0,0.0,0.0,0.0
0.0,0.0,0.0,0.0
0.0,0.0,0.0,0.0
0.0,0.0,0.0,0.0
0.0,0.0,0.0,0.0
0.0,0.0,0.0,0.0
0.0,0.0,0.0,0.0
0.0,0.0,0.0,0.0
0.0,0.0,0.0,0.0
0.0,0.0,0.0,0.0
0.0,0.0,0.0,0.0
0.0,0.0,0.0,0.0
0.0,0.0,0.0,0.0
0.0,0.0,0.0,0.0
0.0,0.0,0.0,0.0
0.0,0.0,0.0,0.0
0.0,0.0,0.0,0.0
0.0,0.0,0.0,0.0
0.0,0.0,0.0,0.0
0.0,0.0,0.0,0.0
0.0,0.0,0.0,0.0
0.0,0.0,0.0,0.0
0.0,0.0,0.0,0.0
0.0,0.0,0.0,0.0
0.0,0.0,0.0,0.0
0.0,0.0,0.0,0.0
0.0,0.0,0.0,0.0
0.0,0.0,0.0,0.0
0.0,0.0,0.0,0.0
0.0,0.0,0.0,0.0
0.0,0.0,0.0,0.0
0.0,0.0,0.0,0.0
0.0,0.0,0.0,0.0
0.0,0.0,0.0,0.0
0.0,0.0,0.0,0.0
0.0,0.0,0.0,0.0
0.0,0.0,0.0,0.0
0.0,0.0,0.0,0.0
0.0,0.0,0.0,0.0
0.0,0.0,0.0,0.0
0.0,0.0,0.0,0.0
0.0,0.0,0.0,0.0
0.0,0.0,0.0,0.0
0.0,0.0,0.0,0.0
0.0,0.0,0.0,0.0
0.0,0.0,0.0,0.0
0.0,0.0,0.0,0.0
0.0,0.0,0.0,0.0
0.0,0.0,0.0,0.0
0.0,0.0,0.0,0.0
0.0,0.0,0.0,0.0
0.0,0.0,0.0,0.0
0.0,0.0,0.0,0.0
0.0,0.0,0.0,0.0
0.0,0.0,0.0,0.0
0.0,0.0,0.0,0.0
0.0,0.0,0.0,0.0
0.0,0.0,0.0,0.0
0.0,0.0,0.0,0.0
0.0,0.0,0.0,0.0
0.0,0.0,0.0,0.0
0.0,0.0,0.0,0.0
0.0,0.0,0.0,0.0
0.0,0.0,0.0,0.0
0.0,0.0,0.0,0.0
0.0,0.0,0.0,0.0
0.0,0.0,0.0,0.0
0.0,0.0,0.0,0.0
0.0,0.0,0.0,0.0
0.0,0.0,0.0,0.0
0.0,0.0,0.0,0.0
0.0,0.0,0.0,0.0
0.0,0.0,0.0,0.0
0.0,0.0,0.0,0.0
0.0,0.0,0.0,0.0
0.0,0.0,0.0,0.0
0.0,0.0,0.0,0.0
0.0,0.0,0.0,0.0
0.0,0.0,0.0,0.0
0.0,0.0,0.0,0.0
0.0,0.0,0.0,0.0
0.0,0.0,0.0,0.0
0.0,0.0,0.0,0.0
0.0,0.0,0.0,0.0
0.0,0.0,0.0,0.0
0.0,0.0,0.0,0.0
0.0,0.0,0.0,0.0
0.0,0.0,0.0,0.0
0.0,0.0,0.0,0.0
0.0,0.0,0.0,0.0
0.0,0.0,0.0,0.0
0.0,0.0,0.0,0.0
0.0,0.0,0.0,0.0
0.0,0.0,0.0,0.0
0.0,0.0,0.0,0.0
0.0,0.0,0.0,0.0
0.0,0.0,0.0,0.0
0.0,0.0,0.0,0.0
0.0,0.0,0.0,0.0
0.0,0.0,0.0,0.0
0.0,0.0,0.0,0.0
0.0,0.0,0.0,0.0
0.0,0.0,0.0,0.0
0.0,0.0,0.0,0.0
0.0,0.0,0.0,0.0
0.0,0.0,0.0,0.0
0.0,0.0,0.0,0.0
0.0,0.0,0.0,0.0
0.0,0.0,0.0,0.0
0.0,0.0,0.0,0.0
0.0,0.0,0.0,0.0
0.0,0.0,0.0,0.0
0.0,0.0,0.0,0.0
0.0,0.0,0.0,0.0
0.0,0.0,0.0,0.0
0.0,0.0,0.0,0.0
0.0,0.0,0.0,0.0
0.0,0.0,0.0,0.0
0.0,0.0,0.0,0.0
0.0,0.0,0.0,0.0
0.0,0.0,0.0,0.0
0.0,0.0,0.0,0.0
0.0,0.0,0.0,0.0
0.0,0.0,0.0,0.0
0.0,0.0,0.0,0.0
0.0,0.0,0.0,0.0
0.0,0.0,0.0,0.0
0.0,0.0,0.0,0.0
0.0,0.0,0.0,0.0
0.0,0.0,0.0,0.0
0.0,0.0,0.0,0.0
0.0,0.0,0.0,0.0
0.0,0.0,0.0,0.0
0.0,0.0,0.0,0.0
0.0,0.0,0.0,0.0
0.0,0.0,0.0,0.0
0.0,0.0,0.0,0.0
0.0,0.0,0.0,0.0
0.0,0.0,0.0,0.0
0.0,0.0,0.0,0.0
0.0,0.0,0.0,0.0
0.0,0.0,0.0,0.0
0.0,0.0,0.0,0.0
0.0,0.0,0.0,0.0
0.0,0.0,0.0,0.0
0.0,0.0,0.0,0.0
0.0,0.0,0.0,0.0
0.0,0.0,0.0,0.0
0.0,0.0,0.0,0.0
0.0,0.0,0.0,0.0
0.0,0.0,0.0,0.0
0.0,0.0,0.0,0.0
0.0,0.0,0.0,0.0
0.0,0.0,0.0,0.0
0.0,0.0,0.0,0.0
0.0,0.0,0.0,0.0
0.0,0.0,0.0,0.0
0.0,0.0,0.0,0.0
0.0,0.0,0.0,0.0
0.0,0.0,0.0,0.0
0.0,0.0,0.0,0.0
0.0,0.0,0.0,0.0
0.0,0.0,0.0,0.0
0.0,0.0,0.0,0.0
0.0,0.0,0.0,0.0
0.0,0.0,0.0,0.0
0.0,0.0,0.0,0.0
0.0,0.0,0.0,0.0
0.0,0.0,0.0,0.0
0.0,0.0,0.0,0.0
0.0,0.0,0.0,0.0
0.0,0.0,0.0,0.0
0.0,0.0,0.0,0.0
0.0,0.0,0.0,0.0
0.0,0.0,0.0,0.0
0.0,0.0,0.0,0.0
0.0,0.0,0.0,0.0
0.0,0.0,0.0,0.0
0.0,0.0,0.0,0.0
0.0,0.0,0.0,0.0
0.0,0.0,0.0,0.0
0.0,0.0,0.0,0.0
0.0,0.0,0.0,0.0
0.0,0.0,0.0,0.0
0.0,0.0,0.0,0.0
